GazeX,GazeY,index,TimeStamp,Distance_X,Distance_Y,Distance(CurrentAndPrevious),IN_SACCADE,IN_FIXATION,TargetAppear,Distance(BetweenGazeAndTarget),isCorrect
-0.0828,0.0148,0,176154182,0,0,0,0,1,center
-0.0846,0.0142,0,176154191,0.001757078,0.0006486606,0.001872988,0,1,center
-0.0837,0.0155,0,176154199,0.000879176,0.001335707,0.001599082,0,1,center
-0.0809,0.0195,0,176154207,0.002825767,0.003931116,0.004841346,0,1,center
-0.0777,0.0216,0,176154216,0.003170341,0.002098614,0.003802005,0,1,center
-0.0737,0.0219,0,176154224,0.00405024,0.0003040023,0.004061633,0,1,center
-0.0703,0.0240,0,176154232,0.003398843,0.002098346,0.003994395,0,1,center
-0.0709,0.0239,0,176154241,0.000611715,7.596426E-05,0.0006164137,0,1,center
-0.0713,0.0252,0,176154249,0.0004197881,0.001297591,0.001363805,0,1,center
-0.0719,0.0264,0,176154257,0.0006499141,0.001221668,0.001383785,0,1,center
-0.0748,0.0283,0,176154266,0.002827622,0.001871385,0.0033908,0,1,center
-0.0750,0.0284,0,176154274,0.0002290085,7.632747E-05,0.0002413934,0,1,center
-0.0757,0.0363,0,176154282,0.0006904677,0.007902188,0.007932296,0,1,center
-0.0775,0.0360,0,176154291,0.001834452,0.0002660863,0.00185365,0,1,center
-0.0821,0.0342,0,176154299,0.004545957,0.001792405,0.004886557,0,1,center
-0.0864,0.0358,0,176154307,0.004356816,0.001605392,0.004643181,0,1,center
-0.0848,0.0294,0,176154316,0.001645349,0.006414548,0.006622205,0,1,center
-0.0888,0.0283,0,176154324,0.003973961,0.00110569,0.004124914,0,1,center
-0.0876,0.0310,0,176154332,0.001183391,0.002710341,0.002957424,0,1,center
-0.0683,0.0351,0,176154341,0.01925523,0.004076559,0.01968203,0,1,center
-0.0557,0.0387,0,176154349,0.01259956,0.003583975,0.01309938,0,1,center
-0.0459,0.0563,0,176154357,0.009805426,0.01763321,0.02017614,1,0,center
-0.0460,0.0596,0,176154366,3.957376E-05,0.003283851,0.003284089,0,1,center
-0.0540,0.0553,0,176154374,0.008092508,0.004234571,0.00913347,0,1,center
-0.0655,0.0486,0,176154382,0.01145269,0.006714914,0.01327607,0,1,center
-0.0780,0.0406,0,176154391,0.01248787,0.008011427,0.01483677,0,1,center
-0.0837,0.0367,0,176154399,0.005729467,0.00392992,0.006947738,0,1,center
-0.0876,0.0347,0,176154407,0.003935799,0.002021562,0.004424616,0,1,center
-0.0857,0.0324,0,176154416,0.001911342,0.002253272,0.002954735,0,1,center
-0.0762,0.0400,0,176154424,0.009512112,0.007630967,0.01219475,0,1,center
-0.0650,0.0412,0,176154432,0.01122884,0.001178853,0.01129056,0,1,center
-0.0637,0.0437,0,176154441,0.001297615,0.002480768,0.002799645,0,1,center
-0.0624,0.0379,0,176154449,0.001339596,0.005765323,0.005918907,0,1,center
-0.0531,0.0328,0,176154457,0.009279359,0.005155545,0.01061537,0,1,center
-0.0511,0.0315,0,176154466,0.001985837,0.001298372,0.002372618,0,1,center
-0.0477,0.0360,0,176154474,0.003396068,0.004502647,0.005639778,0,1,center
-0.0416,0.0378,0,176154482,0.006144717,0.001830433,0.006411555,0,1,center
-0.0407,0.0387,0,176154491,0.0008776039,0.0008776039,0.001241119,0,1,center
-0.0438,0.0379,0,176154499,0.003167693,0.0008388683,0.003276885,0,1,center
-0.0432,0.0335,0,176154507,0.0006118454,0.004389137,0.004431577,0,1,center
-0.0459,0.0293,0,176154515,0.002632789,0.004120881,0.004890116,0,1,center
-0.0485,0.0244,0,176154524,0.002670951,0.004922159,0.005600146,0,1,center
-0.0553,0.0261,0,176154532,0.006757028,0.001680469,0.006962859,0,1,center
-0.0588,0.0269,0,176154540,0.003550548,0.00076399,0.003631814,0,1,center
-0.0650,0.0260,0,176154549,0.006109532,0.0009142458,0.006177558,0,1,center
-0.0722,0.0275,0,176154557,0.007257424,0.001529006,0.007416742,0,1,center
-0.0744,0.0281,0,176154565,0.002215877,0.0006115008,0.002298705,0,1,center
-0.0733,0.0306,0,176154574,0.001145013,0.002480848,0.002732336,0,1,center
-0.0725,0.0275,0,176154582,0.0007655546,0.003054189,0.003148673,0,1,center
-0.0721,0.0276,0,176154590,0.000381656,3.816187E-05,0.0003835591,0,1,center
-0.0653,0.0272,0,176154599,0.006798446,0.0003837198,0.006809267,0,1,center
-0.0599,0.0279,0,176154607,0.005460937,0.0007615406,0.00551378,0,1,center
-0.0609,0.0282,0,176154615,0.001069423,0.0002293922,0.001093749,0,1,center
-0.0585,0.0283,0,176154624,0.002405033,0.0001522135,0.002409844,0,1,center
-0.0603,0.0287,0,176154632,0.001718137,0.0004202034,0.001768776,0,1,center
-0.0603,0.0321,0,176154640,9.052455E-07,0.003396811,0.003396811,0,1,center
-0.0597,0.0323,0,176154649,0.0005342551,0.0001526512,0.0005556355,0,1,center
-0.0611,0.0334,0,176154657,0.001336575,0.001069024,0.001711503,0,1,center
-0.0574,0.0345,0,176154665,0.003703468,0.001105655,0.00386499,0,1,center
-0.0533,0.0334,0,176154674,0.004085653,0.001108188,0.004233277,0,1,center
-0.0458,0.0350,0,176154682,0.007481314,0.001601078,0.00765072,0,1,center
-0.0395,0.0352,0,176154690,0.006335936,0.000265494,0.006341496,0,1,center
-0.0333,0.0373,0,176154699,0.006143577,0.00209799,0.006491926,0,1,center
-0.0293,0.0399,0,176154707,0.00396858,0.002593942,0.004741114,0,1,center
-0.0261,0.0448,0,176154715,0.00324234,0.004885152,0.005863231,0,1,center
-0.0280,0.0440,0,176154724,0.001907786,0.0008012652,0.002069221,0,1,center
-0.0332,0.0438,0,176154732,0.00518968,0.0001519583,0.005191904,0,1,center
-0.0408,0.0423,0,176154740,0.007556815,0.001562465,0.007716654,0,1,center
-0.0493,0.0403,0,176154749,0.00858783,0.001982369,0.008813661,0,1,center
-0.0564,0.0410,0,176154757,0.007062998,0.0007275306,0.007100369,0,1,center
-0.0732,0.0379,0,176154765,0.01676434,0.003085341,0.01704589,0,1,center
-0.0890,0.0352,0,176154774,0.01585737,0.002779283,0.01609909,0,1,center
-0.0945,0.0343,0,176154782,0.005503044,0.0008377619,0.005566447,0,1,center
-0.0959,0.0333,0,176154790,0.001415506,0.001029789,0.001750464,0,1,center
-0.0972,0.0363,0,176154799,0.001262881,0.002979077,0.003235702,0,1,center
-0.0969,0.0338,0,176154807,0.0003069192,0.002482232,0.002501135,0,1,center
-0.0945,0.0258,0,176154815,0.002374358,0.008019686,0.008363787,0,1,center
-0.0899,0.0349,0,176154824,0.004660301,0.009161334,0.01027854,0,1,center
-0.0775,0.0369,0,176154832,0.0123807,0.001979493,0.01253795,0,1,center
-0.0611,0.0344,0,176154840,0.01638693,0.002526026,0.01658048,0,1,center
-0.0565,0.0376,0,176154849,0.004618473,0.003166884,0.005599951,0,1,center
-0.0574,0.0362,0,176154857,0.0009540394,0.001335658,0.001641394,0,1,center
-0.0574,0.0345,0,176154865,3.903359E-05,0.001717791,0.001718234,0,1,center
-0.0589,0.0352,0,176154874,0.001489174,0.000687439,0.001640186,0,1,center
-0.0610,0.0351,0,176154882,0.002137978,0.0001139492,0.002141012,0,1,center
-0.0604,0.0358,0,176154890,0.0006106049,0.0007250756,0.0009479309,0,1,center
-0.0605,0.0367,0,176154899,7.724762E-05,0.0009164475,0.0009196973,0,1,center
-0.0613,0.0356,0,176154907,0.0008395836,0.001068547,0.001358931,0,1,center
-0.0617,0.0351,0,176154915,0.0004197881,0.0005342849,0.0006794721,0,1,center
-0.0614,0.0330,0,176154924,0.0003062375,0.002137616,0.002159441,0,1,center
-0.0611,0.0339,0,176154932,0.0003434606,0.0008777268,0.0009425336,0,1,center
-0.0606,0.0340,0,176154940,0.0005342625,0.0001526549,0.0005556438,0,1,center
-0.0585,0.0333,0,176154949,0.002062544,0.0007260963,0.002186619,0,1,center
-0.0567,0.0332,0,176154957,0.001794431,3.867224E-05,0.001794848,0,1,center
-0.0557,0.0334,0,176154965,0.00103033,0.0001144819,0.00103667,0,1,center
-0.0557,0.0322,0,176154974,8.530915E-07,0.001107141,0.001107142,0,1,center
-0.0580,0.0311,0,176154982,0.002328634,0.001144322,0.002594612,0,1,center
-0.0575,0.0331,0,176154990,0.0005333722,0.001984844,0.002055259,0,1,center
-0.0556,0.0332,0,176154999,0.001871578,0.0001134723,0.001875015,0,1,center
-0.0561,0.0330,0,176155007,0.0004969314,0.0002284534,0.0005469294,0,1,center
-0.0555,0.0357,0,176155015,0.0006105602,0.002709389,0.002777332,0,1,center
-0.0556,0.0382,0,176155024,0.0001534857,0.002519161,0.002523832,0,1,center
-0.0561,0.0382,0,176155032,0.0004587919,3.875047E-05,0.0004604254,0,1,center
-0.0554,0.0362,0,176155040,0.00064959,0.002023112,0.002124841,0,1,center
-0.0541,0.0365,0,176155049,0.001374621,0.0002665706,0.00140023,0,1,center
-0.0550,0.0362,0,176155057,0.0008776896,0.0002671257,0.0009174394,0,1,center
-0.0561,0.0365,0,176155065,0.001183826,0.0003058426,0.001222696,0,1,center
-0.0552,0.0380,0,176155074,0.0009158663,0.001526434,0.001780116,0,1,center
-0.0543,0.0364,0,176155082,0.000878524,0.001603309,0.001828224,0,1,center
-0.0535,0.0369,0,176155090,0.0008776896,0.000419762,0.0009729024,0,1,center
-0.0512,0.0404,0,176155099,0.002289627,0.003510751,0.004191392,0,1,center
-0.0508,0.0390,0,176155107,0.0003442205,0.001412526,0.001453863,0,1,center
-0.0516,0.0394,0,176155115,0.0007258207,0.0004203543,0.000838757,0,1,center
-0.0525,0.0410,0,176155124,0.0009929836,0.001603361,0.001885944,0,1,center
-0.0501,0.0382,0,176155132,0.002444606,0.002825659,0.003736368,0,1,center
-0.0516,0.0371,0,176155140,0.001489002,0.00102973,0.001810379,0,1,center
-0.0508,0.0350,0,176155149,0.0008029044,0.002176173,0.002319566,0,1,center
-0.0507,0.0348,0,176155157,0.0001144819,0.0001907945,0.0002225054,0,1,center
-0.0500,0.0367,0,176155165,0.0006479248,0.001984809,0.002087887,0,1,center
-0.0472,0.0400,0,176155174,0.002861947,0.003205381,0.004297116,0,1,center
-0.0448,0.0401,0,176155182,0.002367243,0.0001513995,0.00237208,0,1,center
-0.0418,0.0381,0,176155190,0.002977602,0.001985375,0.003578803,0,1,center
-0.0427,0.0391,1,176155199,0.000916414,0.0009926744,0.001351006,0,1,Right,0.3926
-0.0429,0.0399,1,176155207,0.00015264,0.0007631555,0.0007782707,0,1,Right,0.3929
-0.0421,0.0400,1,176155215,0.0008013174,7.63014E-05,0.0008049419,0,1,Right,0.3921
-0.0420,0.0392,1,176155224,3.81507E-05,0.0007249787,0.0007259818,0,1,Right,0.3920
-0.0425,0.0379,1,176155232,0.0004190877,0.001374252,0.001436734,0,1,Right,0.3922
-0.0390,0.0386,1,176155240,0.003434718,0.0007243976,0.003510276,0,1,Right,0.3889
-0.0395,0.0402,1,176155249,0.0004584789,0.001641326,0.001704158,0,1,Right,0.3895
-0.0396,0.0402,1,176155257,0.0001144707,3.81507E-05,0.0001206608,0,1,Right,0.3896
-0.0387,0.0404,1,176155265,0.0009157658,0.0002670921,0.0009539209,0,1,Right,0.3887
-0.0380,0.0427,1,176155274,0.0007244013,0.002251912,0.002365558,0,1,Right,0.3883
-0.0368,0.0430,1,176155282,0.001145288,0.0003427565,0.001195478,0,1,Right,0.3872
-0.0369,0.0435,1,176155290,7.687882E-05,0.0004967079,0.0005026222,0,1,Right,0.3873
-0.0354,0.0477,1,176155299,0.00152576,0.004198048,0.004466716,0,1,Right,0.3863
-0.0445,0.0467,1,176155307,0.009121805,0.001028124,0.009179563,0,1,Right,0.3952
-0.0301,0.0335,1,176155315,0.01439129,0.01317077,0.01950842,0,1,Right,0.3795
0.0564,0.0279,1,176155324,0.08646417,0.0056806,0.08665058,1,0,Right,0.2929
0.1051,0.0155,1,176155332,0.04871555,0.01231617,0.05024832,1,0,Right,0.2434
0.1726,0.0008,1,176155340,0.06752966,0.01473705,0.06911899,1,0,Right,0.1753
0.2580,-0.0278,1,176155349,0.08535178,0.02857013,0.09000655,1,0,Right,0.0942
0.2144,-0.0580,1,176155357,0.04352908,0.03025395,0.05301021,1,0,Right,0.1456
0.3466,-0.0245,1,176155365,0.1321609,0.03348751,0.1363375,1,0,Right,0.0246,True
0.3323,-0.0259,1,176155374,0.01427513,0.001405075,0.01434412,0,1,Right,0.0303,True
0.3381,-0.0372,1,176155382,0.005820632,0.01121277,0.01263352,0,1,Right,0.0384,True
0.2466,-0.0383,1,176155390,0.09151296,0.001185678,0.09152064,1,0,Right,0.1083
0.2778,-0.0879,1,176155399,0.03116386,0.04957291,0.05855476,1,0,Right,0.1125
0.3499,0.0031,1,176155407,0.07212052,0.09103005,0.1161372,1,0,Right,0.0037,True
0.3375,0.0092,1,176155415,0.01243415,0.00607991,0.01384101,0,1,Right,0.0139,True
0.3280,0.0018,1,176155424,0.009438574,0.007430122,0.01201222,0,1,Right,0.0200,True
0.3307,0.0106,1,176155432,0.002623618,0.008812141,0.009194411,0,1,Right,0.0203,True
0.3357,0.0039,1,176155440,0.005013198,0.006655994,0.008332731,0,1,Right,0.0129,True
0.3396,-0.0028,1,176155449,0.003955513,0.006736303,0.007811777,0,1,Right,0.0088,True
0.3446,0.0048,1,176155457,0.004940927,0.007585288,0.009052589,0,1,Right,0.0058,True
0.3494,0.0081,1,176155465,0.004794806,0.003313909,0.005828564,0,1,Right,0.0082,True
0.3529,0.0003,1,176155474,0.003531873,0.007819192,0.008579853,0,1,Right,0.0050,True
0.3576,-0.0075,1,176155482,0.004716784,0.007784136,0.009101694,0,1,Right,0.0123,True
0.3589,-0.0021,1,176155490,0.001337856,0.005433361,0.005595648,0,1,Right,0.0112,True
0.3590,-0.0001,1,176155499,3.84748E-05,0.001965459,0.001965836,0,1,Right,0.0111,True
0.3559,0.0010,1,176155507,0.003104866,0.001078939,0.003286989,0,1,Right,0.0080,True
0.3004,0.0323,1,176155515,0.05551493,0.03131361,0.06373736,1,0,Right,0.0575
0.2994,0.0393,1,176155524,0.001003683,0.00699272,0.007064383,0,1,Right,0.0625
0.2956,0.0460,1,176155532,0.003725082,0.006680176,0.007648593,0,1,Right,0.0696
0.2892,0.0488,1,176155540,0.006419182,0.002867967,0.007030727,0,1,Right,0.0764
0.2642,0.0538,1,176155549,0.02497303,0.004975379,0.02546383,1,0,Right,0.0995
0.2506,0.0514,1,176155557,0.01369035,0.002370492,0.01389406,0,1,Right,0.1101
0.2466,0.0487,1,176155565,0.003995076,0.002769906,0.00486138,0,1,Right,0.1124
0.2413,0.0488,1,176155574,0.005223915,0.0001819618,0.005227083,0,1,Right,0.1172
0.2361,0.0512,1,176155582,0.005256608,0.002405476,0.005780851,0,1,Right,0.1230
0.2352,0.0515,1,176155590,0.0008887053,0.0002666935,0.0009278591,0,1,Right,0.1239
0.2444,0.0618,1,176155599,0.009191379,0.01025987,0.01377484,0,1,Right,0.1206
0.2470,0.0584,1,176155607,0.002587751,0.003407855,0.00427901,0,1,Right,0.1166
0.2496,0.0572,1,176155615,0.002591968,0.001145042,0.002833623,0,1,Right,0.1138
0.2562,0.0572,1,176155624,0.006624177,6.177649E-05,0.006624465,0,1,Right,0.1081
0.2828,0.0560,1,176155632,0.02659139,0.001126338,0.02661523,1,0,Right,0.0859
0.3042,0.0493,1,176155640,0.02144346,0.006750647,0.02248095,1,0,Right,0.0659
0.3148,0.0478,1,176155649,0.01057592,0.001436282,0.010673,0,1,Right,0.0582
0.3180,0.0478,1,176155657,0.003163785,6.957725E-05,0.00316455,0,1,Right,0.0564
0.3194,0.0482,1,176155665,0.001409143,0.0004267879,0.001472356,0,1,Right,0.0560
0.3052,0.0527,1,176155674,0.01420292,0.004542399,0.01491162,0,1,Right,0.0679
0.2878,0.0588,1,176155682,0.0173651,0.006028164,0.01838166,0,1,Right,0.0841
0.2747,0.0636,1,176155690,0.0131301,0.004805431,0.01398183,0,1,Right,0.0970
0.2669,0.0638,1,176155699,0.007763833,0.000248149,0.007767797,0,1,Right,0.1031
0.2616,0.0635,1,176155707,0.005356193,0.0002832711,0.005363678,0,1,Right,0.1072
0.2600,0.0631,1,176155715,0.00158909,0.0003875643,0.001635669,0,1,Right,0.1083
0.2594,0.0624,1,176155724,0.0005834103,0.0007308498,0.0009351518,0,1,Right,0.1083
0.2600,0.0659,1,176155732,0.0006681383,0.003495187,0.003558474,0,1,Right,0.1099
0.2613,0.0648,1,176155740,0.001235723,0.001072273,0.001636087,0,1,Right,0.1082
0.2634,0.0609,1,176155749,0.002122372,0.003949068,0.004483258,0,1,Right,0.1042
0.2615,0.0637,1,176155757,0.001930505,0.002759673,0.003367884,0,1,Right,0.1074
0.2726,0.0610,1,176155765,0.01113287,0.002696984,0.01145489,0,1,Right,0.0969
0.2806,0.0578,1,176155774,0.007959336,0.003128901,0.008552254,0,1,Right,0.0888
0.2871,0.0540,1,176155782,0.006521225,0.003788032,0.007541589,0,1,Right,0.0814
0.2942,0.0513,1,176155790,0.007157296,0.00271111,0.007653561,0,1,Right,0.0743
0.2961,0.0492,1,176155799,0.001866817,0.002147648,0.002845593,0,1,Right,0.0714
0.2881,0.0501,1,176155807,0.007982671,0.0009420402,0.008038064,0,1,Right,0.0780
0.2805,0.0516,1,176155815,0.007656723,0.001442835,0.007791481,0,1,Right,0.0849
0.2762,0.0521,1,176155824,0.004235893,0.0005663224,0.004273583,0,1,Right,0.0886
0.2722,0.0579,1,176155832,0.004025787,0.005751044,0.007020076,0,1,Right,0.0953
0.2676,0.0584,1,176155840,0.004582584,0.0005256981,0.004612639,0,1,Right,0.0993
0.2666,0.0609,1,176155849,0.001001894,0.002531853,0.002722879,0,1,Right,0.1016
0.2651,0.0611,1,176155857,0.001512855,0.0001113825,0.00151695,0,1,Right,0.1029
0.2610,0.0611,1,176155865,0.004073173,2.805889E-05,0.00407327,0,1,Right,0.1062
0.2600,0.0597,1,176155874,0.001090258,0.001423199,0.001792807,0,1,Right,0.1063
0.2586,0.0612,1,176155882,0.001388997,0.001494288,0.00204015,0,1,Right,0.1083
0.2595,0.0613,1,176155890,0.0009286106,0.0001169704,0.0009359485,0,1,Right,0.1076
0.2575,0.0602,1,176155899,0.001980186,0.001041356,0.00223731,0,1,Right,0.1086
0.2605,0.0610,1,176155907,0.00294736,0.0007363297,0.003037946,0,1,Right,0.1066
0.2637,0.0612,1,176155915,0.003220648,0.0002770014,0.003232538,0,1,Right,0.1042
0.2679,0.0618,1,176155924,0.004193306,0.0005869456,0.004234185,0,1,Right,0.1012
0.2774,0.0568,1,176155932,0.009504616,0.005044874,0.01076051,0,1,Right,0.0906
0.2863,0.0561,1,176155940,0.008939892,0.0006694943,0.008964926,0,1,Right,0.0833
0.2939,0.0544,1,176155949,0.007550061,0.001709878,0.00774126,0,1,Right,0.0767
0.2977,0.0510,1,176155957,0.003849268,0.003411464,0.005143438,0,1,Right,0.0716
0.3013,0.0545,1,176155965,0.003556848,0.00346911,0.004968489,0,1,Right,0.0717
0.3005,0.0544,1,176155974,0.0007825196,4.094467E-05,0.00078359,0,1,Right,0.0722
0.3003,0.0510,1,176155982,0.0001629591,0.003383458,0.00338738,0,1,Right,0.0698
0.2988,0.0517,1,176155990,0.001521736,0.0006493255,0.00165448,0,1,Right,0.0713
0.2980,0.0515,1,176155999,0.0007776916,0.0001937225,0.0008014566,0,1,Right,0.0717
0.2981,0.0516,1,176156007,3.84748E-05,7.686019E-05,8.595231E-05,0,1,Right,0.0717
0.2963,0.0524,1,176156015,0.001790345,0.0008413307,0.001978174,0,1,Right,0.0736
0.2951,0.0509,1,176156024,0.001132429,0.001463186,0.001850218,0,1,Right,0.0734
0.3001,0.0509,1,176156032,0.004948586,2.66768E-05,0.004948658,0,1,Right,0.0699
0.2993,0.0508,1,176156040,0.0008208752,0.0001176372,0.0008292614,0,1,Right,0.0703
0.2996,0.0526,1,176156048,0.0003166199,0.001807686,0.001835205,0,1,Right,0.0714
0.3017,0.0528,1,176156057,0.00210762,0.000197839,0.002116885,0,1,Right,0.0702
0.3012,0.0529,1,176156065,0.0004658103,0.0001144744,0.0004796703,0,1,Right,0.0706
0.3116,0.0476,1,176156073,0.01040512,0.005281642,0.01166886,0,1,Right,0.0599
0.3123,0.0469,1,176156082,0.0006199181,0.0006913617,0.0009285901,0,1,Right,0.0590
0.3006,0.0540,1,176156090,0.01168764,0.007009007,0.01362817,0,1,Right,0.0718
0.2973,0.0549,1,176156098,0.00330776,0.0009531826,0.003442358,0,1,Right,0.0747
0.2971,0.0562,1,176156107,0.0001921058,0.001306463,0.001320511,0,1,Right,0.0758
0.2964,0.0563,1,176156115,0.0006239712,0.0001135282,0.0006342151,0,1,Right,0.0763
0.2962,0.0556,1,176156123,0.0001966357,0.0006924793,0.0007198564,0,1,Right,0.0759
0.2957,0.0575,1,176156132,0.0005040169,0.001881883,0.001948208,0,1,Right,0.0777
0.2952,0.0573,1,176156140,0.0005040467,0.0001929998,0.0005397333,0,1,Right,0.0779
0.2958,0.0548,1,176156148,0.0005379021,0.002535883,0.002592304,0,1,Right,0.0756
0.2958,0.0509,1,176156157,2.932549E-05,0.003920663,0.003920773,0,1,Right,0.0728
0.2806,0.0706,1,176156165,0.01516509,0.01971277,0.02487114,1,0,Right,0.0975
0.2271,0.0254,1,176156173,0.05352132,0.04518539,0.07004464,1,0,Right,0.1235
0.2945,0.0596,1,176156182,0.0673462,0.03415676,0.07551288,1,0,Right,0.0800
0.2367,0.0210,1,176156190,0.0577281,0.03855494,0.06941914,1,0,Right,0.1132
0.2385,0.0349,1,176156198,0.001791954,0.01387593,0.01399115,0,1,Right,0.1148
0.2331,0.0189,0,176156207,0.0054297,0.01598639,0.01688332,0,1,center
0.2386,0.0354,0,176156215,0.005548313,0.01652347,0.01743012,0,1,center
0.2392,0.0232,0,176156223,0.0005638301,0.01218834,0.01220138,0,1,center
0.2314,0.0414,0,176156232,0.007825613,0.01815685,0.01977148,0,1,center
0.1823,0.0792,0,176156240,0.04904011,0.0377956,0.06191478,1,0,center
0.1671,0.0882,0,176156248,0.01524357,0.009004205,0.0177043,0,1,center
0.1672,0.0890,0,176156257,0.0001173764,0.0008429959,0.0008511283,0,1,center
0.1942,0.0643,0,176156265,0.02702488,0.02468332,0.03660069,1,0,center
0.1897,0.0676,0,176156273,0.004498482,0.003246129,0.005547404,0,1,center
0.1897,0.0697,0,176156282,7.076561E-05,0.002068751,0.002069961,0,1,center
0.1908,0.0713,0,176156290,0.001080394,0.001687244,0.002003507,0,1,center
0.1915,0.0717,0,176156298,0.0007713437,0.0003849268,0.0008620555,0,1,center
0.1921,0.0707,0,176156307,0.0005741268,0.00103341,0.001182184,0,1,center
0.1910,0.0726,0,176156315,0.001074627,0.001950905,0.002227297,0,1,center
0.1691,0.0677,0,176156323,0.02196847,0.004982956,0.02252651,1,0,center
0.0586,0.0403,0,176156332,0.1104406,0.0274,0.1137888,1,0,center
-0.0316,0.0259,0,176156340,0.0902461,0.01439445,0.09138686,1,0,center
-0.0863,0.0398,0,176156348,0.05468535,0.01394926,0.05643642,1,0,center
-0.0973,0.0379,0,176156357,0.01097107,0.001941137,0.01114147,0,1,center
-0.0978,0.0398,0,176156365,0.0005360246,0.001909647,0.00198345,0,1,center
-0.0964,0.0343,0,176156373,0.001418583,0.005462028,0.005643237,0,1,center
-0.0812,0.0304,0,176156382,0.01521386,0.00390123,0.01570609,0,1,center
-0.0729,0.0327,0,176156390,0.008251473,0.002249049,0.008552487,0,1,center
-0.0636,0.0323,0,176156398,0.009319492,0.0003851205,0.009327446,0,1,center
-0.0515,0.0311,0,176156407,0.01214202,0.001186835,0.01219988,0,1,center
-0.0448,0.0328,0,176156415,0.006717186,0.001677951,0.006923591,0,1,center
-0.0669,0.0293,0,176156423,0.02214221,0.003467359,0.02241205,1,0,center
-0.0855,0.0320,0,176156432,0.01856825,0.00271742,0.01876604,0,1,center
-0.0995,0.0332,0,176156440,0.01399242,0.00115227,0.01403979,0,1,center
-0.0969,0.0334,0,176156448,0.002599247,0.000228066,0.002609233,0,1,center
-0.0904,0.0331,0,176156457,0.006462015,0.0003471561,0.006471334,0,1,center
-0.0890,0.0336,0,176156465,0.001413859,0.0004957728,0.001498262,0,1,center
-0.0834,0.0337,0,176156473,0.005541727,0.0001501292,0.00554376,0,1,center
-0.0777,0.0327,0,176156482,0.005731732,0.0009949729,0.00581745,0,1,center
-0.0732,0.0323,0,176156490,0.004508428,0.0004599988,0.004531835,0,1,center
-0.0755,0.0326,0,176156498,0.002254143,0.0003063269,0.002274862,0,1,center
-0.0760,0.0330,0,176156507,0.000496164,0.0004580133,0.0006752443,0,1,center
-0.0778,0.0371,0,176156515,0.001873806,0.004123837,0.004529589,0,1,center
-0.0779,0.0384,0,176156523,7.752329E-05,0.001260187,0.00126257,0,1,center
-0.0778,0.0350,0,176156532,0.0001156926,0.003359515,0.003361507,0,1,center
-0.0780,0.0340,0,176156540,0.0001896545,0.001031104,0.001048401,0,1,center
-0.0779,0.0347,0,176156548,0.0001133159,0.0007257499,0.000734543,0,1,center
-0.0777,0.0371,0,176156557,0.0001526773,0.002328344,0.002333344,0,1,center
-0.0789,0.0357,0,176156565,0.001184464,0.001335394,0.001785001,0,1,center
-0.0803,0.0348,0,176156573,0.001413532,0.000915546,0.001684131,0,1,center
-0.0849,0.0368,0,176156582,0.004623853,0.001987126,0.005032761,0,1,center
-0.0881,0.0395,0,176156590,0.003173761,0.002674542,0.004150414,0,1,center
-0.0878,0.0395,0,176156598,0.0002672225,0,0.0002672225,0,1,center
-0.0875,0.0389,0,176156607,0.0003817752,0.0005344637,0.0006568133,0,1,center
-0.0819,0.0371,0,176156615,0.005581111,0.001797654,0.005863477,0,1,center
-0.0813,0.0361,0,176156623,0.0005738214,0.001031198,0.001180101,0,1,center
-0.0792,0.0344,0,176156632,0.002140023,0.001718767,0.002744787,0,1,center
-0.0772,0.0331,0,176156640,0.001950227,0.001337469,0.002364785,0,1,center
-0.0765,0.0348,0,176156648,0.0006858632,0.001756277,0.001885449,0,1,center
-0.0810,0.0360,0,176156657,0.004508913,0.001147274,0.004652583,0,1,center
-0.0809,0.0390,0,176156665,0.0001132935,0.003016133,0.00301826,0,1,center
-0.0821,0.0389,0,176156673,0.001222759,7.574633E-05,0.001225103,0,1,center
-0.0813,0.0387,0,176156682,0.000841029,0.0001914464,0.0008625436,0,1,center
-0.0806,0.0442,0,176156690,0.0007228032,0.005498115,0.005545423,0,1,center
-0.0774,0.0429,0,176156698,0.003210098,0.001299854,0.003463286,0,1,center
-0.0762,0.0439,0,176156707,0.001146294,0.001029961,0.001541042,0,1,center
-0.0738,0.0439,0,176156715,0.002407029,7.76872E-05,0.002408283,0,1,center
-0.0715,0.0437,0,176156723,0.002330534,0.0001158379,0.002333411,0,1,center
-0.0711,0.0432,0,176156732,0.0003435165,0.0005343668,0.000635257,0,1,center
-0.0676,0.0435,0,176156740,0.003552772,0.0003033578,0.0035657,0,1,center
-0.0676,0.0431,0,176156748,3.816187E-05,0.0003816634,0.0003835666,0,1,center
-0.0677,0.0406,0,176156757,0.0001897961,0.002557795,0.002564827,0,1,center
-0.0689,0.0447,0,176156765,0.001148142,0.004085828,0.00424408,0,1,center
-0.0695,0.0413,0,176156773,0.0006096214,0.003359407,0.003414272,0,1,center
-0.0698,0.0429,0,176156782,0.0002682433,0.001641851,0.001663619,0,1,center
-0.0726,0.0435,0,176156790,0.002788462,0.0005356818,0.00283945,0,1,center
-0.0695,0.0433,0,176156798,0.00301747,0.0001539923,0.003021397,0,1,center
-0.0703,0.0432,0,176156807,0.0007633567,0.0001145154,0.0007718984,0,1,center
-0.0729,0.0401,0,176156815,0.002596527,0.003129166,0.004066157,0,1,center
-0.0766,0.0405,0,176156823,0.003667682,0.000383541,0.003687682,0,1,center
-0.0764,0.0482,0,176156832,0.0001491606,0.007712614,0.007714056,0,1,center
-0.0768,0.0479,0,176156840,0.0003435388,0.0003053844,0.0004596505,0,1,center
-0.0788,0.0442,0,176156848,0.002023123,0.003702685,0.004219349,0,1,center
-0.0462,0.0519,0,176156857,0.03257275,0.007697288,0.03346987,1,0,center
-0.0636,0.0479,0,176156865,0.0174097,0.004001178,0.01786357,0,1,center
-0.0784,0.0450,0,176156873,0.01478132,0.002894498,0.01506205,0,1,center
-0.0807,0.0384,0,176156882,0.002327263,0.006528009,0.006930444,0,1,center
-0.0770,0.0446,0,176156890,0.003740802,0.006145604,0.007194585,0,1,center
-0.0754,0.0511,0,176156898,0.001562722,0.006490715,0.006676187,0,1,center
-0.0739,0.0442,0,176156907,0.001494378,0.006836277,0.006997703,0,1,center
-0.0670,0.0457,0,176156915,0.006950974,0.001447655,0.007100123,0,1,center
-0.0580,0.0432,0,176156923,0.009013701,0.002447337,0.009340036,0,1,center
-0.0528,0.0379,0,176156932,0.005156066,0.005383905,0.007454626,0,1,center
-0.0341,0.0392,0,176156940,0.0187409,0.001330826,0.01878809,0,1,center
-0.0318,0.0411,0,176156948,0.002251197,0.001945939,0.002975662,0,1,center
-0.0320,0.0424,0,176156957,0.0001526289,0.001297306,0.001306254,0,1,center
-0.0304,0.0403,0,176156965,0.001526698,0.002137341,0.002626601,0,1,center
-0.0291,0.0366,0,176156973,0.001374466,0.003664013,0.003913329,0,1,center
-0.0282,0.0359,0,176156982,0.0009161253,0.0007254742,0.001168588,0,1,center
-0.0271,0.0359,0,176156990,0.001068292,3.81507E-05,0.001068973,0,1,center
-0.0267,0.0388,0,176156998,0.0004192814,0.002976555,0.003005941,0,1,center
-0.0243,0.0397,0,176157007,0.002365548,0.0008393861,0.002510057,0,1,center
-0.0246,0.0344,0,176157015,0.0002663303,0.005304452,0.005311134,0,1,center
-0.0231,0.0361,0,176157023,0.001487961,0.00167872,0.002243241,0,1,center
-0.0235,0.0356,0,176157032,0.0004578326,0.0004959852,0.0006749904,0,1,center
-0.0237,0.0369,0,176157040,0.0001529735,0.001297761,0.001306746,0,1,center
-0.0224,0.0418,0,176157048,0.001335027,0.004922427,0.005100254,0,1,center
-0.0247,0.0411,0,176157057,0.002365926,0.0006861426,0.002463412,0,1,center
-0.0254,0.0395,0,176157065,0.0006863922,0.0016031,0.001743865,0,1,center
-0.0271,0.0392,0,176157073,0.001640618,0.0003052317,0.00166877,0,1,center
-0.0222,0.0398,0,176157082,0.004884047,0.0005717054,0.004917394,0,1,center
-0.0217,0.0378,0,176157090,0.0004200153,0.001946397,0.001991199,0,1,center
-0.0195,0.0359,0,176157098,0.002289465,0.00187004,0.002956129,0,1,center
-0.0177,0.0354,0,176157107,0.001793157,0.0005722828,0.001882265,0,1,center
-0.0154,0.0348,0,176157115,0.002289368,0.0005346648,0.002350972,0,1,center
-0.0153,0.0349,0,176157123,0.0001144549,7.63014E-05,0.0001375566,0,1,center
-0.0167,0.0378,0,176157132,0.001411867,0.002900105,0.00322552,0,1,center
-0.0189,0.0389,0,176157140,0.002251271,0.001107015,0.002508726,0,1,center
-0.0219,0.0401,0,176157148,0.002938097,0.0012215,0.003181899,0,1,center
-0.0238,0.0412,0,176157157,0.00190803,0.001107074,0.002205945,0,1,center
-0.0257,0.0409,0,176157165,0.001908092,0.0003427677,0.001938635,0,1,center
-0.0264,0.0412,0,176157173,0.0006867796,0.0002670847,0.0007368856,0,1,center
-0.0258,0.0417,0,176157182,0.0005341619,0.0004960187,0.0007289468,0,1,center
-0.0256,0.0433,0,176157190,0.0002285335,0.001679454,0.001694932,0,1,center
-0.0246,0.0425,0,176157198,0.0009924117,0.0008400604,0.001300224,0,1,center
-0.0243,0.0422,-1,176157207,0.0002670828,0.0002670735,0.0003777056,0,1,Left,0.3263
-0.0211,0.0414,-1,176157215,0.003281612,0.0008018836,0.003378164,0,1,Left,0.3295
-0.0209,0.0426,-1,176157223,0.0001144614,0.001182772,0.001188298,0,1,Left,0.3298
-0.0217,0.0439,-1,176157232,0.0007252544,0.001297902,0.00148679,0,1,Left,0.3292
-0.0209,0.0459,-1,176157240,0.0008009244,0.002022892,0.002175678,0,1,Left,0.3303
-0.0225,0.0415,-1,176157248,0.001678135,0.004427258,0.004734633,0,1,Left,0.3280
-0.0223,0.0415,-1,176157257,0.000228921,0,0.000228921,0,1,Left,0.3282
-0.0228,0.0416,-1,176157265,0.0004960019,7.630512E-05,0.000501837,0,1,Left,0.3278
-0.0226,0.0414,-1,176157273,0.0001907703,0.0001907647,0.0002697859,0,1,Left,0.3279
-0.0235,0.0407,-1,176157282,0.0009156968,0.000724934,0.001167917,0,1,Left,0.3269
-0.0239,0.0412,-1,176157290,0.0003433842,0.0005723201,0.0006674301,0,1,Left,0.3267
-0.0250,0.0421,-1,176157298,0.001106847,0.0008400269,0.001389516,0,1,Left,0.3257
-0.0253,0.0423,-1,176157307,0.0003052317,0.0001907647,0.000359941,0,1,Left,0.3254
-0.0246,0.0408,-1,176157315,0.000687154,0.00145049,0.001605024,0,1,Left,0.3259
-0.0245,0.0420,-1,176157323,7.593259E-05,0.001145251,0.001147766,0,1,Left,0.3261
-0.0234,0.0422,-1,176157332,0.001106484,0.0002670847,0.001138262,0,1,Left,0.3272
-0.0294,0.0372,-1,176157340,0.00598982,0.004998803,0.007801665,0,1,Left,0.3207
-0.0426,0.0627,-1,176157348,0.01313729,0.0254287,0.0286218,1,0,Left,0.3117
-0.1478,0.0639,-1,176157357,0.1052289,0.001247399,0.1052363,1,0,Left,0.2101
-0.2147,0.0503,-1,176157365,0.06693943,0.01359422,0.06830586,1,0,Left,0.1424
-0.2825,0.0271,-1,176157373,0.06773089,0.0231767,0.07158654,1,0,Left,0.0709
-0.3162,0.0236,-1,176157382,0.03374314,0.003533516,0.03392765,1,0,Left,0.0396,True
-0.3255,0.0183,-1,176157390,0.009301931,0.005336488,0.01072399,0,1,Left,0.0289,True
-0.3531,0.0142,-1,176157398,0.02755535,0.004057302,0.02785245,1,0,Left,0.0151,True
-0.3671,0.0111,-1,176157407,0.01400378,0.003073336,0.01433706,0,1,Left,0.0221,True
-0.3705,0.0109,-1,176157415,0.003467321,0.000229151,0.003474885,0,1,Left,0.0251,True
-0.3699,0.0113,-1,176157423,0.0006284714,0.0003852947,0.0007371759,0,1,Left,0.0247,True
-0.3692,0.0109,-1,176157432,0.0006726682,0.000424698,0.0007955193,0,1,Left,0.0239,True
-0.3653,0.0109,-1,176157440,0.003973544,2.34507E-06,0.003973544,0,1,Left,0.0204,True
-0.3633,0.0113,-1,176157448,0.001972467,0.0004226873,0.002017248,0,1,Left,0.0191,True
-0.3573,0.0128,-1,176157457,0.006019086,0.001460503,0.006193744,0,1,Left,0.0158,True
-0.3577,0.0126,-1,176157465,0.0003964007,0.0001537502,0.0004251736,0,1,Left,0.0159,True
-0.3568,0.0126,-1,176157473,0.0008257329,5.839393E-07,0.0008257332,0,1,Left,0.0154,True
-0.3558,0.0128,-1,176157482,0.001062334,0.0001918841,0.001079524,0,1,Left,0.0150,True
-0.3538,0.0137,-1,176157490,0.001926273,0.0009232881,0.002136115,0,1,Left,0.0149,True
-0.3527,0.0137,-1,176157498,0.001139104,8.447096E-07,0.001139105,0,1,Left,0.0145,True
-0.3483,0.0166,-1,176157507,0.004395366,0.002885577,0.005257927,0,1,Left,0.0166,True
-0.3420,0.0148,-1,176157515,0.006278574,0.001776789,0.006525142,0,1,Left,0.0160,True
-0.3397,0.0152,-1,176157523,0.002357334,0.000344432,0.002382364,0,1,Left,0.0173,True
-0.3370,0.0160,-1,176157532,0.002626091,0.0008062497,0.00274707,0,1,Left,0.0193,True
-0.3334,0.0127,-1,176157540,0.003646553,0.003274442,0.00490095,0,1,Left,0.0193,True
-0.3325,0.0128,-1,176157548,0.000856936,0.0001150602,0.000864626,0,1,Left,0.0200,True
-0.3314,0.0131,-1,176157557,0.001174867,0.0002685813,0.001205176,0,1,Left,0.0211,True
-0.3321,0.0137,-1,176157565,0.0007413626,0.0005776472,0.0009398377,0,1,Left,0.0209,True
-0.3309,0.0130,-1,176157573,0.001174867,0.0006550094,0.001345121,0,1,Left,0.0214,True
-0.3276,0.0140,-1,176157581,0.003364801,0.0009981208,0.00350972,0,1,Left,0.0247,True
-0.3256,0.0158,-1,176157590,0.001992196,0.001806818,0.002689505,0,1,Left,0.0274,True
-0.3260,0.0160,-1,176157598,0.0004666448,0.0001925975,0.0005048278,0,1,Left,0.0271,True
-0.3249,0.0167,-1,176157606,0.001092196,0.0007301774,0.001313792,0,1,Left,0.0284,True
-0.3260,0.0145,-1,176157615,0.001053721,0.002192074,0.002432184,0,1,Left,0.0263,True
-0.3205,0.0162,-1,176157623,0.005551696,0.001649767,0.005791637,0,1,Left,0.0319,True
-0.3237,0.0156,-1,176157631,0.003242046,0.0006129667,0.003299483,0,1,Left,0.0288,True
-0.3254,0.0137,-1,176157640,0.001684099,0.001883585,0.002526674,0,1,Left,0.0264,True
-0.3267,0.0164,-1,176157648,0.001328051,0.002732368,0.003038018,0,1,Left,0.0268,True
-0.3271,0.0161,-1,176157656,0.0003563464,0.0003072806,0.0004705359,0,1,Left,0.0264,True
-0.3261,0.0131,-1,176157665,0.0009435117,0.003040205,0.003183247,0,1,Left,0.0254,True
-0.3248,0.0161,-1,176157673,0.001327962,0.003038219,0.003315759,0,1,Left,0.0282,True
-0.3211,0.0170,-1,176157681,0.003675342,0.0008431785,0.00377082,0,1,Left,0.0317,True
-0.3174,0.0179,-1,176157690,0.00375089,0.0009582303,0.003871355,0,1,Left,0.0354,True
-0.3155,0.0193,-1,176157698,0.001913339,0.001382582,0.002360593,0,1,Left,0.0378,True
-0.3149,0.0222,-1,176157706,0.0005431771,0.002921922,0.002971981,0,1,Left,0.0398,True
-0.3144,0.0218,-1,176157715,0.0005479753,0.0004236214,0.0006926269,0,1,Left,0.0400,True
-0.3282,0.0166,-1,176157723,0.01387662,0.005217606,0.01482511,0,1,Left,0.0257,True
-0.3429,-0.0127,-1,176157731,0.01468694,0.02925114,0.03273126,1,0,Left,0.0136,True
-0.3421,0.0158,-1,176157740,0.0008575618,0.02845458,0.02846749,1,0,Left,0.0168,True
-0.3369,0.0485,-1,176157748,0.005157351,0.03276133,0.03316478,1,0,Left,0.0498,True
-0.3467,0.0269,-1,176157756,0.009758323,0.02162632,0.02372599,1,0,Left,0.0270,True
-0.3544,0.0290,-1,176157765,0.007707179,0.00209274,0.007986248,0,1,Left,0.0297,True
-0.3530,0.0318,-1,176157773,0.001414329,0.002810342,0.003146164,0,1,Left,0.0322,True
-0.3504,0.0295,-1,176157781,0.002514452,0.002315804,0.003418394,0,1,Left,0.0296,True
-0.3468,0.0267,-1,176157790,0.003618985,0.002779435,0.004563148,0,1,Left,0.0268,True
-0.3443,0.0273,-1,176157798,0.002551228,0.0005354285,0.002606808,0,1,Left,0.0275,True
-0.3430,0.0276,-1,176157806,0.001253456,0.0003448818,0.001300037,0,1,Left,0.0280,True
-0.3444,0.0269,-1,176157815,0.001369029,0.0007299781,0.001551486,0,1,Left,0.0271,True
-0.3478,0.0253,-1,176157823,0.003453106,0.001535697,0.003779194,0,1,Left,0.0253,True
-0.3452,0.0264,-1,176157831,0.002628505,0.001074804,0.002839761,0,1,Left,0.0266,True
-0.3451,0.0270,-1,176157840,0.000115484,0.0005391594,0.0005513886,0,1,Left,0.0271,True
-0.3436,0.0267,-1,176157848,0.001489937,0.0002716389,0.001514497,0,1,Left,0.0270,True
-0.3427,0.0267,-1,176157856,0.0009067655,1.642853E-06,0.000906767,0,1,Left,0.0272,True
-0.3431,0.0272,-1,176157865,0.0003571808,0.0005014203,0.0006156302,0,1,Left,0.0276,True
-0.3445,0.0264,-1,176157873,0.001407355,0.0008070301,0.001622327,0,1,Left,0.0266,True
-0.3435,0.0264,-1,176157881,0.0009784997,1.214445E-06,0.0009785003,0,1,Left,0.0268,True
-0.3444,0.0265,-1,176157890,0.0009400249,7.823482E-05,0.0009432748,0,1,Left,0.0267,True
-0.3453,0.0255,-1,176157898,0.0009016693,0.001000073,0.001346534,0,1,Left,0.0256,True
-0.3433,0.0255,-1,176157906,0.002001107,2.745539E-06,0.002001109,0,1,Left,0.0259,True
-0.3416,0.0262,-1,176157915,0.001725882,0.0007677209,0.001888932,0,1,Left,0.0270,True
-0.3414,0.0280,-1,176157923,0.0002309978,0.001771163,0.001786163,0,1,Left,0.0288,True
-0.3417,0.0281,-1,176157931,0.0003133416,0.0001159459,0.0003341054,0,1,Left,0.0288,True
-0.3417,0.0303,-1,176157940,3.328919E-05,0.002156705,0.002156961,0,1,Left,0.0309,True
-0.3417,0.0343,-1,176157948,5.245209E-06,0.004082037,0.00408204,0,1,Left,0.0349,True
-0.3413,0.0320,-1,176157956,0.0003184974,0.002311312,0.002333153,0,1,Left,0.0327,True
-0.3420,0.0379,-1,176157965,0.0006423295,0.005817045,0.005852401,0,1,Left,0.0383,True
-0.3418,0.0359,-1,176157973,0.000203073,0.001926456,0.001937129,0,1,Left,0.0364,True
-0.3432,0.0375,-1,176157981,0.001374185,0.001543116,0.002066299,0,1,Left,0.0378,True
-0.3459,0.0377,-1,176157990,0.002710402,0.0002368651,0.002720732,0,1,Left,0.0378,True
-0.3443,0.0381,-1,176157998,0.001567155,0.0004207268,0.001622648,0,1,Left,0.0383,True
-0.3439,0.0355,-1,176158006,0.000357151,0.002658412,0.002682296,0,1,Left,0.0357,True
-0.3439,0.0357,-1,176158015,8.231401E-05,0.0002690256,0.0002813367,0,1,Left,0.0360,True
-0.3443,0.0362,-1,176158023,0.0004727244,0.0004247166,0.000635494,0,1,Left,0.0363,True
-0.3446,0.0362,-1,176158031,0.0002363622,3.90783E-05,0.0002395709,0,1,Left,0.0364,True
-0.3446,0.0363,-1,176158040,7.7039E-05,0.0001155324,0.0001388623,0,1,Left,0.0365,True
-0.3439,0.0401,-1,176158048,0.000698626,0.003812056,0.003875545,0,1,Left,0.0403,True
-0.3442,0.0403,-1,176158056,0.0002749562,0.0001546703,0.000315474,0,1,Left,0.0405,True
-0.3442,0.0393,-1,176158065,2.980232E-08,0.000962805,0.000962805,0,1,Left,0.0395,True
-0.3454,0.0377,-1,176158073,0.00117135,0.001577239,0.001964624,0,1,Left,0.0378,True
-0.3457,0.0357,-1,176158081,0.000313431,0.002079189,0.002102681,0,1,Left,0.0357,True
-0.3389,0.0326,-1,176158090,0.006754994,0.003016688,0.007397997,0,1,Left,0.0339,True
-0.3423,0.0367,-1,176158098,0.003341019,0.004049789,0.005250067,0,1,Left,0.0371,True
-0.3421,0.0363,-1,176158106,0.0002363324,0.0004241355,0.0004855347,0,1,Left,0.0367,True
-0.3417,0.0338,-1,176158115,0.0003571212,0.00242696,0.002453094,0,1,Left,0.0344,True
-0.3429,0.0331,-1,176158123,0.001214862,0.0007680655,0.001437294,0,1,Left,0.0335,True
-0.3430,0.0335,-1,176158131,3.84748E-05,0.0004620925,0.0004636915,0,1,Left,0.0339,True
-0.3431,0.0319,-1,176158140,0.0001155436,0.001617324,0.001621446,0,1,Left,0.0323,True
-0.3406,0.0317,-1,176158148,0.002429515,0.0002349578,0.00244085,0,1,Left,0.0325,True
-0.3405,0.0298,-1,176158156,0.0001592338,0.001848601,0.001855446,0,1,Left,0.0308,True
-0.3427,0.0295,-1,176158165,0.002231628,0.0003818478,0.002264061,0,1,Left,0.0299,True
-0.3432,0.0295,-1,176158173,0.0004726648,9.052455E-07,0.0004726657,0,1,Left,0.0298,True
-0.3448,0.0328,-1,176158181,0.001615912,0.003315197,0.003688049,0,1,Left,0.0329,True
-0.3451,0.0336,-1,176158190,0.0002749264,0.0008092709,0.0008546952,0,1,Left,0.0337,True
-0.3450,0.0317,-1,176158198,0.0001208484,0.001887601,0.001891465,0,1,Left,0.0318,True
-0.3455,0.0344,-1,176158206,0.0005551577,0.002658918,0.002716256,0,1,Left,0.0344,True
-0.3472,0.0337,0,176158215,0.001644343,0.0006521456,0.001768943,0,1,center
-0.3441,0.0328,0,176158223,0.003024131,0.0008914396,0.003152782,0,1,center
-0.3401,0.0305,0,176158231,0.004045159,0.002356159,0.004681324,0,1,center
-0.3364,0.0297,0,176158240,0.003724933,0.0007374678,0.003797234,0,1,center
-0.3348,0.0266,0,176158248,0.001570672,0.003120437,0.003493442,0,1,center
-0.3366,0.0264,0,176158256,0.00180161,0.0001900103,0.001811602,0,1,center
-0.3331,0.0289,0,176158265,0.003520787,0.002458697,0.004294314,0,1,center
-0.3274,0.0295,0,176158273,0.005714864,0.0006071776,0.005747028,0,1,center
-0.3242,0.0317,0,176158281,0.003127992,0.002226714,0.003839608,0,1,center
-0.3219,0.0317,0,176158290,0.002347827,3.904104E-06,0.00234783,0,1,center
-0.3253,0.0311,0,176158298,0.003439993,0.0005717091,0.003487177,0,1,center
-0.3219,0.0278,0,176158306,0.00344491,0.003352158,0.0048067,0,1,center
-0.3265,0.0291,0,176158315,0.004657626,0.001353426,0.004850283,0,1,center
-0.3285,0.0322,0,176158323,0.00199759,0.003119865,0.003704582,0,1,center
-0.3032,0.0351,0,176158331,0.02534565,0.00284265,0.02550456,1,0,center
-0.3050,0.0454,0,176158340,0.001771599,0.01034417,0.01049478,0,1,center
-0.1618,0.0689,0,176158348,0.1431905,0.02347971,0.1451028,1,0,center
-0.1049,0.0312,0,176158356,0.05687104,0.03771513,0.06824036,1,0,center
-0.0185,0.0286,0,176158365,0.08638731,0.002582779,0.08642591,1,0,center
0.0269,0.0275,0,176158373,0.045362,0.001067812,0.04537456,1,0,center
0.0779,0.0128,0,176158381,0.05107669,0.01472164,0.05315595,1,0,center
0.0842,0.0301,0,176158390,0.00630898,0.01729343,0.01840831,0,1,center
0.0780,0.0265,0,176158398,0.006229095,0.00366688,0.007228252,0,1,center
0.0740,0.0217,0,176158406,0.004050322,0.004734159,0.006230359,0,1,center
0.0716,0.0243,0,176158415,0.002406612,0.002594527,0.003538835,0,1,center
0.0283,0.0242,0,176158423,0.04328802,0.0001226217,0.0432882,1,0,center
0.0446,0.0244,0,176158431,0.01633303,0.0002311449,0.01633467,0,1,center
-0.0042,0.0229,0,176158440,0.04879974,0.001568196,0.04882493,1,0,center
-0.0120,0.0259,0,176158448,0.007820855,0.003052691,0.008395516,0,1,center
-0.0153,0.0291,0,176158456,0.003319275,0.003243187,0.004640673,0,1,center
-0.0165,0.0303,0,176158465,0.001144767,0.001183132,0.001646296,0,1,center
-0.0175,0.0293,0,176158473,0.001030076,0.001068238,0.001483978,0,1,center
-0.0180,0.0287,0,176158481,0.0004959684,0.0005341098,0.0007288744,0,1,center
-0.0185,0.0291,0,176158490,0.0004578121,0.0004196595,0.0006210524,0,1,center
-0.0220,0.0298,0,176158498,0.003510227,0.0006108657,0.003562984,0,1,center
-0.0236,0.0337,0,176158506,0.001640884,0.003891988,0.00422375,0,1,center
-0.0275,0.0353,0,176158515,0.003892366,0.001603469,0.004209706,0,1,center
-0.0270,0.0345,0,176158523,0.000534147,0.0007630698,0.0009314443,0,1,center
-0.0272,0.0345,0,176158531,0.0002670716,0,0.0002670716,0,1,center
-0.0277,0.0346,0,176158540,0.0004578419,7.630512E-05,0.000464157,0,1,center
-0.0269,0.0348,0,176158548,0.0008012243,0.0002289303,0.0008332883,0,1,center
-0.0231,0.0357,0,176158556,0.003777536,0.0009151287,0.003886803,0,1,center
-0.0249,0.0370,0,176158565,0.001793562,0.00125961,0.002191684,0,1,center
-0.0267,0.0350,0,176158573,0.001831364,0.001945823,0.002672101,0,1,center
-0.0330,0.0331,0,176158581,0.006257655,0.001907166,0.006541829,0,1,center
-0.0411,0.0327,0,176158590,0.008128677,0.0004563518,0.008141477,0,1,center
-0.0453,0.0359,0,176158598,0.004122894,0.003283039,0.005270351,0,1,center
-0.0479,0.0366,0,176158606,0.002634328,0.0006116368,0.002704401,0,1,center
-0.0492,0.0366,0,176158615,0.001335546,3.72529E-09,0.001335546,0,1,center
-0.0457,0.0344,0,176158623,0.003550146,0.002137933,0.004144188,0,1,center
-0.0423,0.0332,0,176158631,0.003397301,0.001183897,0.003597675,0,1,center
-0.0355,0.0304,0,176158640,0.006755836,0.002863577,0.00733767,0,1,center
-0.0338,0.0291,0,176158648,0.001755591,0.001221374,0.002138657,0,1,center
-0.0323,0.0290,0,176158656,0.001488473,0.0001912098,0.001500704,0,1,center
-0.0317,0.0293,0,176158665,0.0005722977,0.0003052223,0.0006486026,0,1,center
-0.0312,0.0325,0,176158673,0.0004573558,0.003205335,0.0032378,0,1,center
-0.0315,0.0293,0,176158681,0.0002665911,0.00316718,0.00317838,0,1,center
-0.0314,0.0292,0,176158690,7.630885E-05,0.0001144577,0.0001375631,0,1,center
-0.0315,0.0325,0,176158698,7.678941E-05,0.003281638,0.003282536,0,1,center
-0.0316,0.0332,0,176158706,3.863499E-05,0.0007635728,0.0007645495,0,1,center
-0.0313,0.0295,0,176158715,0.0002680309,0.003778139,0.003787635,0,1,center
-0.0308,0.0296,0,176158723,0.00045784,0.000114454,0.0004719292,0,1,center
-0.0300,0.0295,0,176158731,0.0008012019,7.63014E-05,0.000804827,0,1,center
-0.0261,0.0293,0,176158740,0.003968289,0.0001530591,0.00397124,0,1,center
-0.0266,0.0288,0,176158748,0.0005722847,0.0004959758,0.000757299,0,1,center
-0.0287,0.0303,0,176158756,0.002022503,0.001450246,0.002488721,0,1,center
-0.0293,0.0305,0,176158765,0.0006867517,0.0002289116,0.0007238981,0,1,center
-0.0282,0.0306,0,176158773,0.001182739,0.0001144577,0.001188264,0,1,center
-0.0267,0.0293,0,176158781,0.001450215,0.001335796,0.001971668,0,1,center
-0.0266,0.0291,0,176158790,0.0001526084,0.0002289061,0.0002751132,0,1,center
-0.0251,0.0282,0,176158798,0.001412014,0.0009160843,0.00168315,0,1,center
-0.0253,0.0277,0,176158806,0.0001144558,0.0004196651,0.000434993,0,1,center
-0.0237,0.0303,0,176158815,0.00156422,0.002556158,0.002996786,0,1,center
-0.0235,0.0283,0,176158823,0.0002289079,0.001945732,0.001959151,0,1,center
-0.0237,0.0304,0,176158831,0.0002289079,0.002060182,0.00207286,0,1,center
-0.0241,0.0302,0,176158840,0.000419667,0.0002289098,0.0004780377,0,1,center
-0.0207,0.0290,0,176158848,0.003433961,0.001221295,0.003644675,0,1,center
-0.0238,0.0311,0,176158856,0.003129113,0.002175562,0.003811092,0,1,center
-0.0234,0.0296,0,176158865,0.0004200302,0.001564687,0.001620084,0,1,center
-0.0234,0.0289,0,176158873,3.814697E-05,0.0006867331,0.0006877917,0,1,center
-0.0240,0.0286,0,176158881,0.0006104279,0.0003052149,0.0006824796,0,1,center
-0.0238,0.0288,0,176158890,0.0002670605,0.0001907572,0.0003281914,0,1,center
-0.0261,0.0285,0,176158898,0.002327247,0.0002289116,0.002338478,0,1,center
-0.0253,0.0283,0,176158906,0.0008011796,0.0002289061,0.0008332386,0,1,center
-0.0208,0.0287,0,176158915,0.004464058,0.0003429279,0.004477211,0,1,center
-0.0224,0.0273,0,176158923,0.001602339,0.001335289,0.002085782,0,1,center
-0.0222,0.0285,0,176158931,0.0002289023,0.001182685,0.001204632,0,1,center
-0.0216,0.0275,0,176158940,0.0006485712,0.0009919275,0.001185143,0,1,center
-0.0279,0.0293,0,176158948,0.006372077,0.001755839,0.006609564,0,1,center
-0.0279,0.0274,0,176158956,1.862645E-09,0.001831304,0.001831304,0,1,center
-0.0274,0.0250,0,176158965,0.0004963987,0.002403975,0.00245469,0,1,center
-0.0280,0.0265,0,176158973,0.0005341228,0.00144976,0.001545021,0,1,center
-0.0255,0.0238,0,176158981,0.002480244,0.002632825,0.003617095,0,1,center
-0.0266,0.0227,0,176158990,0.001068229,0.001182683,0.001593691,0,1,center
-0.0261,0.0227,0,176158998,0.0004578102,3.72529E-09,0.0004578102,0,1,center
-0.0268,0.0236,0,176159006,0.0006867163,0.0009156205,0.001144526,0,1,center
-0.0256,0.0238,0,176159015,0.001144528,0.0002670623,0.001175273,0,1,center
-0.0245,0.0236,0,176159023,0.00110638,0.0002670567,0.001138154,0,1,center
-0.0237,0.0258,0,176159031,0.000801174,0.002212761,0.002353336,0,1,center
-0.0229,0.0261,0,176159040,0.0008393228,0.0003433581,0.0009068393,0,1,center
-0.0231,0.0267,0,176159048,0.0001907554,0.0006104186,0.0006395299,0,1,center
-0.0227,0.0271,0,176159056,0.00034336,0.0003815051,0.0005132662,0,1,center
-0.0219,0.0273,0,176159065,0.0008774735,0.0001526065,0.000890645,0,1,center
-0.0227,0.0257,0,176159073,0.000801174,0.001564192,0.001757434,0,1,center
-0.0223,0.0253,0,176159081,0.0003818516,0.0003818944,0.00054005,0,1,center
-0.0234,0.0284,0,176159090,0.001107076,0.0030529,0.003247432,0,1,center
-0.0252,0.0263,0,176159098,0.001792742,0.002098743,0.002760189,0,1,center
-0.0248,0.0254,0,176159106,0.0003815107,0.0008774735,0.0009568229,0,1,center
-0.0262,0.0253,0,176159114,0.001449743,0.0001526009,0.001457753,0,1,center
-0.0269,0.0249,0,176159123,0.0006108247,0.0003811307,0.0007199774,0,1,center
-0.0269,0.0249,0,176159131,0,0,0,0,1,center
-0.0264,0.0246,0,176159139,0.0004963744,0.0003055874,0.000582899,0,1,center
-0.0261,0.0241,0,176159148,0.0002289042,0.0004959647,0.00054624,0,1,center
-0.0258,0.0206,0,176159156,0.0003437512,0.003510211,0.003527002,0,1,center
-0.0255,0.0214,0,176159164,0.0003052093,0.0008774586,0.0009290244,0,1,center
-0.0256,0.0212,0,176159173,7.630326E-05,0.0002289061,0.0002412886,0,1,center
-0.0253,0.0204,0,176159181,0.0002289042,0.0007630065,0.0007966028,0,1,center
-0.0265,0.0195,0,176159189,0.001144517,0.0009919088,0.001514531,0,1,center
-0.0240,0.0209,0,176159198,0.002479782,0.001487868,0.002891897,0,1,center
-0.0290,0.0206,0,176159206,0.005036307,0.0003811903,0.005050713,0,1,center
-0.0271,0.0186,0,176159214,0.001907967,0.00198414,0.002752662,0,1,center
-0.0282,0.0188,-1,176159223,0.001068641,0.0002291873,0.001092941,0,1,Left,0.3203
-0.0295,0.0183,-1,176159231,0.001335286,0.0004959647,0.001424419,0,1,Left,0.3189
-0.0285,0.0183,-1,176159239,0.001030078,3.814697E-05,0.001030784,0,1,Left,0.3200
-0.0279,0.0181,-1,176159248,0.0005726889,0.0001528841,0.0005927446,0,1,Left,0.3205
-0.0265,0.0179,-1,176159256,0.001411572,0.0001907498,0.001424402,0,1,Left,0.3219
-0.0250,0.0183,-1,176159264,0.001487864,0.0003815033,0.001535996,0,1,Left,0.3234
-0.0235,0.0181,-1,176159273,0.001564527,0.0001910273,0.001576146,0,1,Left,0.3250
-0.0227,0.0188,-1,176159281,0.0007248484,0.0006866977,0.0009984783,0,1,Left,0.3257
-0.0217,0.0224,-1,176159289,0.001067869,0.003548276,0.003705483,0,1,Left,0.3270
-0.0209,0.0220,-1,176159298,0.000763325,0.0003818385,0.0008535021,0,1,Left,0.3278
-0.0217,0.0221,-1,176159306,0.0008396283,7.663853E-05,0.0008431187,0,1,Left,0.3269
-0.0225,0.0237,-1,176159314,0.0007248595,0.001640471,0.001793479,0,1,Left,0.3263
-0.0229,0.0245,-1,176159323,0.0004196558,0.0007630121,0.0008708034,0,1,Left,0.3260
-0.0219,0.0231,-1,176159331,0.001030063,0.001335274,0.001686413,0,1,Left,0.3269
-0.0229,0.0235,-1,176159339,0.00106821,0.0004196577,0.001147687,0,1,Left,0.3259
-0.0238,0.0230,-1,176159348,0.0008774623,0.0005722549,0.001047576,0,1,Left,0.3249
-0.0233,0.0232,-1,176159356,0.0004578028,0.0002289042,0.0005118403,0,1,Left,0.3254
-0.0238,0.0237,-1,176159364,0.0004959535,0.0005341042,0.0007288601,0,1,Left,0.3250
-0.0250,0.0244,-1,176159373,0.00118305,0.0006870851,0.001368098,0,1,Left,0.3238
-0.0245,0.0239,-1,176159381,0.0004959665,0.0004959628,0.0007013999,0,1,Left,0.3243
-0.0232,0.0236,-1,176159389,0.00133564,0.0003055725,0.001370149,0,1,Left,0.3256
-0.0222,0.0237,-1,176159398,0.0009919144,7.629581E-05,0.0009948444,0,1,Left,0.3266
-0.0211,0.0232,-1,176159406,0.001068212,0.0004959516,0.001177729,0,1,Left,0.3276
-0.0216,0.0240,-1,176159414,0.0004959572,0.0007630102,0.000910032,0,1,Left,0.3272
-0.0212,0.0226,-1,176159423,0.0004196577,0.001335271,0.001399664,0,1,Left,0.3275
-0.0204,0.0228,-1,176159431,0.0008396227,0.000190407,0.000860942,0,1,Left,0.3284
-0.0023,0.0408,-1,176159439,0.01804475,0.01800925,0.02549404,1,0,Left,0.3480
-0.0672,0.0445,-1,176159448,0.06484728,0.003642105,0.06494948,1,0,Left,0.2843
-0.1085,0.0377,-1,176159456,0.04131688,0.006735459,0.04186229,1,0,Left,0.2424
-0.2730,0.0464,-1,176159464,0.1645101,0.008672681,0.1647386,1,0,Left,0.0881
-0.3389,0.0374,-1,176159473,0.06588098,0.008979581,0.06649013,1,0,Left,0.0385,True
-0.3711,0.0315,-1,176159481,0.03222218,0.00587371,0.03275316,1,0,Left,0.0391,True
-0.4170,0.0245,-1,176159489,0.04585847,0.007067168,0.04639983,1,0,Left,0.0732
-0.4203,0.0192,-1,176159498,0.003294736,0.005256025,0.006203312,0,1,Left,0.0748
-0.4182,0.0055,-1,176159506,0.002037615,0.01377219,0.0139221,0,1,Left,0.0705
-0.4165,0.0094,-1,176159514,0.001746982,0.003982766,0.004349066,0,1,Left,0.0692
-0.4074,0.0002,-1,176159523,0.009095609,0.009281698,0.01299538,0,1,Left,0.0594
-0.3560,0.0111,-1,176159531,0.05137426,0.01094281,0.05252675,1,0,Left,0.0137,True
-0.3695,0.0106,-1,176159539,0.01345718,0.0005314741,0.01346767,0,1,Left,0.0240,True
-0.3653,0.0151,-1,176159548,0.004210621,0.004546796,0.00619699,0,1,Left,0.0230,True
-0.3609,0.0167,-1,176159556,0.004368395,0.001615092,0.004657402,0,1,Left,0.0212,True
-0.3572,0.0124,-1,176159564,0.003661692,0.004281001,0.005633379,0,1,Left,0.0155,True
-0.3555,0.0087,-1,176159573,0.001689881,0.003738706,0.00410288,0,1,Left,0.0116,True
-0.3545,0.0115,-1,176159581,0.001062155,0.00277356,0.002969984,0,1,Left,0.0132,True
-0.3557,0.0124,-1,176159589,0.00126034,0.000964188,0.001586857,0,1,Left,0.0147,True
-0.3572,0.0131,-1,176159598,0.001491755,0.0006945897,0.001645536,0,1,Left,0.0161,True
-0.3573,0.0119,-1,176159606,3.84748E-05,0.001194589,0.001195208,0,1,Left,0.0152,True
-0.3566,0.0119,-1,176159614,0.0006660223,7.743388E-05,0.0006705085,0,1,Left,0.0147,True
-0.3549,0.0128,-1,176159623,0.001651227,0.0009621596,0.0019111,0,1,Left,0.0146,True
-0.3494,0.0188,-1,176159631,0.005496562,0.006005215,0.008140933,0,1,Left,0.0189,True
-0.3471,0.0182,-1,176159639,0.002315402,0.0006570667,0.002406829,0,1,Left,0.0182,True
-0.3428,0.0186,-1,176159648,0.004354298,0.000457868,0.004378305,0,1,Left,0.0193,True
-0.3393,0.0155,-1,176159656,0.003494948,0.003160542,0.004712079,0,1,Left,0.0177,True
-0.3394,0.0169,-1,176159664,0.0001592338,0.001386175,0.001395291,0,1,Left,0.0189,True
-0.3376,0.0168,-1,176159673,0.001840621,4.005246E-05,0.001841057,0,1,Left,0.0197,True
-0.3336,0.0130,-1,176159681,0.004042029,0.003775495,0.005531036,0,1,Left,0.0194,True
-0.3371,0.0129,-1,176159689,0.003526002,0.0001515625,0.003529258,0,1,Left,0.0169,True
-0.3394,0.0135,-1,176159698,0.002312928,0.0005790554,0.002384312,0,1,Left,0.0160,True
-0.3400,0.0070,-1,176159706,0.0005878806,0.006467395,0.006494058,0,1,Left,0.0106,True
-0.3421,0.0068,-1,176159714,0.002077341,0.0002302611,0.002090064,0,1,Left,0.0090,True
-0.3386,0.0082,-1,176159723,0.003489345,0.001461591,0.003783091,0,1,Left,0.0125,True
-0.3385,0.0061,-1,176159731,0.0001207292,0.002155863,0.002159241,0,1,Left,0.0113,True
-0.3376,0.0083,-1,176159739,0.000818789,0.002232471,0.002377886,0,1,Left,0.0132,True
-0.3374,0.0091,-1,176159748,0.000197649,0.0008082371,0.0008320531,0,1,Left,0.0139,True
-0.3372,0.0089,-1,176159756,0.000197649,0.0002310984,0.0003040914,0,1,Left,0.0139,True
-0.3374,0.0095,-1,176159764,0.0001591146,0.0006160317,0.0006362488,0,1,Left,0.0142,True
-0.3377,0.0109,-1,176159773,0.0002747178,0.001347442,0.001375162,0,1,Left,0.0149,True
-0.3374,0.0152,-1,176159781,0.0002694726,0.004349836,0.004358175,0,1,Left,0.0185,True
-0.3384,0.0146,-1,176159789,0.001016468,0.0006537298,0.00120854,0,1,Left,0.0174,True
-0.3406,0.0140,-1,176159798,0.002154022,0.0005374299,0.002220055,0,1,Left,0.0158,True
-0.3408,0.0134,-1,176159806,0.0001977384,0.000654296,0.0006835231,0,1,Left,0.0152,True
-0.3409,0.0143,-1,176159814,0.0001207292,0.0009242361,0.0009320879,0,1,Left,0.0159,True
-0.3385,0.0145,-1,176159823,0.002433956,0.0001904974,0.002441399,0,1,Left,0.0173,True
-0.3410,0.0146,-1,176159831,0.00254944,7.900968E-05,0.002550664,0,1,Left,0.0161,True
-0.3368,0.0140,-1,176159839,0.004197389,0.0005807457,0.004237374,0,1,Left,0.0179,True
-0.3417,0.0134,-1,176159848,0.004900932,0.0006123809,0.004939043,0,1,Left,0.0147,True
-0.3421,0.0145,-1,176159856,0.0003571212,0.001155518,0.001209445,0,1,Left,0.0157,True
-0.3408,0.0146,-1,176159864,0.001219928,3.738329E-05,0.001220501,0,1,Left,0.0162,True
-0.3400,0.0172,-1,176159873,0.0008574128,0.002617517,0.002754369,0,1,Left,0.0189,True
-0.3328,0.0141,-1,176159881,0.007212132,0.003085381,0.007844388,0,1,Left,0.0207,True
-0.3432,0.0151,-1,176159889,0.01046574,0.001047476,0.01051803,0,1,Left,0.0158,True
-0.3460,0.0142,-1,176159898,0.002787203,0.0008834461,0.002923863,0,1,Left,0.0144,True
-0.3469,0.0122,-1,176159906,0.0008579493,0.002040755,0.002213766,0,1,Left,0.0123,True
-0.3464,0.0117,-1,176159914,0.0005114675,0.000539545,0.0007434431,0,1,Left,0.0118,True
-0.3459,0.0121,-1,176159923,0.0004288554,0.0004619574,0.0006303345,0,1,Left,0.0123,True
-0.3468,0.0134,-1,176159931,0.0008247197,0.00123298,0.001483375,0,1,Left,0.0134,True
-0.3454,0.0154,-1,176159939,0.001330733,0.002078757,0.002468214,0,1,Left,0.0156,True
-0.3447,0.0151,-1,176159948,0.0007090569,0.000347293,0.0007895404,0,1,Left,0.0154,True
-0.3429,0.0144,-1,176159956,0.001846969,0.0006947173,0.001973304,0,1,Left,0.0153,True
-0.3433,0.0142,-1,176159964,0.0003956556,0.0002305908,0.0004579471,0,1,Left,0.0149,True
-0.3423,0.0142,-1,176159973,0.0009399354,6.537884E-07,0.0009399357,0,1,Left,0.0152,True
-0.3435,0.0122,-1,176159981,0.001132488,0.001924647,0.002233113,0,1,Left,0.0130,True
-0.3422,0.0131,-1,176159989,0.001291782,0.0008078245,0.001523575,0,1,Left,0.0143,True
-0.3391,0.0138,-1,176159998,0.003060758,0.0007292321,0.00314643,0,1,Left,0.0164,True
-0.3401,0.0145,-1,176160006,0.0009833872,0.000732339,0.00122612,0,1,Left,0.0165,True
-0.3365,0.0147,-1,176160014,0.003609389,0.0001895521,0.003614363,0,1,Left,0.0186,True
-0.3367,0.0151,-1,176160023,0.0001592636,0.0003851531,0.0004167827,0,1,Left,0.0188,True
-0.3393,0.0157,-1,176160031,0.002625942,0.0006565517,0.002706775,0,1,Left,0.0180,True
-0.2999,0.0347,-1,176160039,0.0394167,0.01891318,0.04371938,1,0,Left,0.0593
-0.2783,0.0716,-1,176160048,0.02155215,0.03695417,0.04277973,1,0,Left,0.0999
-0.2805,0.0614,-1,176160056,0.002188683,0.01021395,0.01044582,0,1,Left,0.0912
-0.3364,0.0259,-1,176160064,0.05592835,0.0355317,0.06626071,1,0,Left,0.0283,True
-0.3551,0.0723,-1,176160073,0.01865536,0.04640604,0.05001543,1,0,Left,0.0726
-0.3856,0.0315,-1,176160081,0.03054747,0.04073571,0.05091705,1,0,Left,0.0492,True
-0.3963,0.0616,-1,176160089,0.01064923,0.03004677,0.03187812,1,0,Left,0.0783
-0.3480,0.0238,-1,176160098,0.04824373,0.03781958,0.06130072,1,0,Left,0.0238,True
-0.3505,0.0590,-1,176160106,0.002440602,0.03526457,0.03534893,1,0,Left,0.0591
-0.3518,0.0536,-1,176160114,0.001359403,0.005431209,0.00559875,0,1,Left,0.0537
-0.3164,0.0615,-1,176160123,0.03543723,0.007904708,0.03630815,1,0,Left,0.0691
-0.2984,0.0795,-1,176160131,0.01804894,0.01798548,0.02548023,1,0,Left,0.0937
-0.2926,0.0869,-1,176160139,0.005776644,0.007403709,0.009390661,0,1,Left,0.1030
-0.2905,0.0893,-1,176160148,0.002054691,0.002454095,0.003200677,0,1,Left,0.1062
-0.2890,0.0863,-1,176160156,0.001495838,0.003008053,0.003359451,0,1,Left,0.1045
-0.3116,0.0777,-1,176160164,0.022549,0.008608498,0.02413636,1,0,Left,0.0858
-0.3403,0.0592,-1,176160173,0.02869809,0.01850191,0.03414529,1,0,Left,0.0597
-0.3442,0.0594,-1,176160181,0.003925115,0.0001668409,0.003928659,0,1,Left,0.0595
-0.3409,0.0640,-1,176160189,0.003321201,0.004613269,0.00568442,0,1,Left,0.0644
-0.3332,0.0675,-1,176160198,0.007671654,0.003479689,0.008423925,0,1,Left,0.0691
-0.3266,0.0698,-1,176160206,0.006650329,0.00232581,0.007045301,0,1,Left,0.0730
-0.3234,0.0673,-1,176160214,0.003138632,0.00251402,0.004021356,0,1,Left,0.0716
-0.3235,0.0675,-1,176160223,8.195639E-05,0.0001934469,0.0002100917,0,1,Left,0.0718
-0.3234,0.0670,-1,176160231,8.195639E-05,0.0005397499,0.0005459366,0,1,Left,0.0713
-0.3237,0.0668,0,176160239,0.0002743602,0.0001143962,0.0002972541,0,1,center
-0.3254,0.0627,0,176160248,0.00170812,0.004114404,0.004454885,0,1,center
-0.3252,0.0620,0,176160256,0.0001974106,0.0006936006,0.0007211468,0,1,center
-0.3280,0.0588,0,176160264,0.002844393,0.003226038,0.004300918,0,1,center
-0.3292,0.0512,0,176160273,0.001193017,0.007619955,0.007712781,0,1,center
-0.3293,0.0496,0,176160281,7.18534E-05,0.001578633,0.001580267,0,1,center
-0.3290,0.0472,0,176160289,0.0002793968,0.002387464,0.002403757,0,1,center
-0.3272,0.0536,0,176160298,0.001823843,0.006347198,0.006604039,0,1,center
-0.3470,0.0547,0,176160306,0.0198015,0.001097053,0.01983186,0,1,center
-0.3481,0.0535,0,176160314,0.001133174,0.001153193,0.001616768,0,1,center
-0.3414,0.0542,0,176160323,0.006785601,0.00071273,0.00682293,0,1,center
-0.3421,0.0536,0,176160331,0.0007807612,0.000653021,0.001017853,0,1,center
-0.3493,0.0451,0,176160339,0.007204473,0.008457199,0.01110984,0,1,center
-0.3415,0.0479,0,176160348,0.007808447,0.002753843,0.008279825,0,1,center
-0.3475,0.0495,0,176160356,0.00593251,0.001634117,0.006153455,0,1,center
-0.3477,0.0596,0,176160364,0.0002247393,0.01013665,0.01013914,0,1,center
-0.3474,0.0506,0,176160373,0.0003017783,0.009019516,0.009024563,0,1,center
-0.3261,0.0509,0,176160381,0.02124044,0.000290215,0.02124242,1,0,center
-0.3229,0.0531,0,176160389,0.003281832,0.002146643,0.003921542,0,1,center
-0.3532,0.0333,0,176160398,0.0303767,0.01976431,0.03624048,1,0,center
-0.2904,0.0130,0,176160406,0.062866,0.02027063,0.06605326,1,0,center
-0.1718,0.0682,0,176160414,0.1185489,0.05518331,0.1307632,1,0,center
-0.0776,0.0206,0,176160423,0.09427065,0.04755412,0.1055857,1,0,center
-0.0021,0.0251,0,176160431,0.07549483,0.004492166,0.07562836,1,0,center
0.0409,0.0232,0,176160439,0.0429993,0.001904633,0.04304146,1,0,center
0.0689,0.0218,0,176160448,0.02794553,0.00148269,0.02798484,1,0,center
0.0617,0.0345,0,176160456,0.007137507,0.01270785,0.0145751,0,1,center
0.0508,0.0354,0,176160464,0.01095731,0.0009126626,0.01099525,0,1,center
0.0467,0.0284,0,176160473,0.004086621,0.00694715,0.008059986,0,1,center
0.0428,0.0221,0,176160481,0.003932081,0.006296799,0.007423674,0,1,center
-0.0442,0.0290,0,176160489,0.08695556,0.006868705,0.08722642,1,0,center
-0.0198,0.0306,0,176160498,0.02434577,0.001598805,0.02439821,1,0,center
-0.0220,0.0296,0,176160506,0.002174946,0.0009533279,0.002374705,0,1,center
-0.0245,0.0264,0,176160514,0.00244133,0.003205139,0.004029021,0,1,center
-0.0257,0.0242,0,176160523,0.001220834,0.002250915,0.002560675,0,1,center
-0.0258,0.0244,0,176160531,0.0001144558,0.0001907609,0.0002224632,0,1,center
-0.0277,0.0236,0,176160539,0.001907552,0.0008011777,0.002068971,0,1,center
-0.0284,0.0243,0,176160548,0.0006871503,0.0006870888,0.0009717338,0,1,center
-0.0289,0.0246,0,176160556,0.0005341247,0.0003433675,0.0006349728,0,1,center
-0.0337,0.0256,0,176160564,0.004769985,0.001030881,0.004880109,0,1,center
-0.0391,0.0258,0,176160573,0.005418889,0.0001915526,0.005422274,0,1,center
-0.0476,0.0247,0,176160581,0.008511242,0.001143115,0.008587662,0,1,center
-0.0598,0.0253,0,176160589,0.01214009,0.0006513651,0.01215755,0,1,center
-0.0686,0.0198,0,176160598,0.008819234,0.005532047,0.01041069,0,1,center
-0.0709,0.0290,0,176160606,0.002294093,0.009160819,0.009443699,0,1,center
-0.0729,0.0220,0,176160614,0.001984574,0.006984198,0.007260686,0,1,center
-0.0715,0.0214,0,176160623,0.001375027,0.0005728044,0.001489565,0,1,center
-0.0672,0.0311,0,176160631,0.00431361,0.009655135,0.01057492,0,1,center
-0.0577,0.0325,0,176160639,0.009469047,0.001409583,0.009573389,0,1,center
-0.0456,0.0339,0,176160647,0.01214005,0.001408327,0.01222146,0,1,center
-0.0396,0.0335,0,176160656,0.005953677,0.0003825836,0.005965957,0,1,center
-0.0361,0.0333,0,176160664,0.003473271,0.0001918003,0.003478562,0,1,center
-0.0381,0.0364,0,176160672,0.001947034,0.003053471,0.003621413,0,1,center
-0.0393,0.0335,0,176160681,0.00118224,0.00290034,0.003132038,0,1,center
-0.0411,0.0355,0,176160689,0.001832694,0.002023309,0.002729936,0,1,center
-0.0426,0.0358,0,176160697,0.0015269,0.000267636,0.001550178,0,1,center
-0.0442,0.0387,0,176160706,0.001565784,0.0029011,0.003296674,0,1,center
-0.0448,0.0382,0,176160714,0.0006105304,0.0004960522,0.000786648,0,1,center
-0.0445,0.0353,0,176160722,0.0003447831,0.002901081,0.002921497,0,1,center
-0.0440,0.0354,0,176160731,0.0004578829,0.0001144707,0.0004719749,0,1,center
-0.0409,0.0359,0,176160739,0.003129486,0.0005717985,0.003181295,0,1,center
-0.0377,0.0353,0,176160747,0.00312997,0.0006878898,0.003204669,0,1,center
-0.0373,0.0356,0,176160756,0.0004578605,0.0003052466,0.0005502833,0,1,center
-0.0353,0.0355,0,176160764,0.001984067,7.63163E-05,0.001985535,0,1,center
-0.0356,0.0285,0,176160772,0.0002654605,0.006945537,0.006950608,0,1,center
-0.0363,0.0292,0,176160781,0.0007636286,0.0006108973,0.0009779183,0,1,center
-0.0378,0.0273,0,176160789,0.001487996,0.001831394,0.00235969,0,1,center
-0.0406,0.0256,0,176160797,0.002747707,0.00175469,0.003260189,0,1,center
-0.0420,0.0252,0,176160806,0.001488023,0.000381548,0.001536161,0,1,center
-0.0439,0.0216,0,176160814,0.001869578,0.003586525,0.004044562,0,1,center
-0.0430,0.0224,0,176160822,0.0008775555,0.0008393992,0.00121437,0,1,center
-0.0405,0.0221,0,176160831,0.002518818,0.0003437307,0.002542163,0,1,center
-0.0406,0.0209,0,176160839,3.75323E-05,0.001144936,0.001145551,0,1,center
-0.0395,0.0208,0,176160847,0.00106829,0.0001907647,0.001085189,0,1,center
-0.0378,0.0186,0,176160856,0.001679331,0.002175031,0.002747893,0,1,center
-0.0350,0.0218,0,176160864,0.002785686,0.003242658,0.004274913,0,1,center
-0.0359,0.0216,0,176160872,0.0008780509,0.0001904313,0.0008984639,0,1,center
-0.0357,0.0237,0,176160881,0.0001907647,0.002098404,0.002107057,0,1,center
-0.0352,0.0240,0,176160889,0.0004959852,0.0002289154,0.0005462632,0,1,center
-0.0329,0.0272,0,176160897,0.002289169,0.003281143,0.004000774,0,1,center
-0.0316,0.0281,0,176160906,0.001373503,0.0008393601,0.00160967,0,1,center
-0.0304,0.0231,0,176160914,0.001107359,0.00496057,0.005082667,0,1,center
-0.0465,0.0308,0,176160922,0.01603007,0.00763456,0.01775527,0,1,center
-0.0460,0.0069,0,176160931,0.0004613884,0.02388674,0.02389119,1,0,center
-0.0386,0.0068,0,176160939,0.007441789,0.0001147711,0.007442674,0,1,center
-0.0307,0.0123,0,176160947,0.00786077,0.005531511,0.009611936,0,1,center
-0.0319,0.0101,0,176160956,0.001144519,0.002212728,0.002491203,0,1,center
-0.0362,0.0171,0,176160964,0.004350808,0.007058621,0.008291783,0,1,center
-0.0416,0.0259,0,176160972,0.005381994,0.008776592,0.01029536,0,1,center
-0.0493,0.0342,0,176160981,0.00767358,0.008320827,0.01131901,0,1,center
-0.0538,0.0304,0,176160989,0.004542451,0.003853036,0.005956488,0,1,center
-0.0555,0.0229,0,176160997,0.001677312,0.007441744,0.007628429,0,1,center
-0.0501,0.0304,0,176161006,0.005342122,0.007478978,0.00919094,0,1,center
-0.0481,0.0276,0,176161014,0.002062004,0.002786383,0.00346638,0,1,center
-0.0467,0.0291,0,176161022,0.001336206,0.001449514,0.00197143,0,1,center
-0.0480,0.0293,0,176161031,0.001259882,0.0002293866,0.001280594,0,1,center
-0.0480,0.0302,0,176161039,3.816187E-05,0.0008776132,0.0008784425,0,1,center
-0.0492,0.0300,0,176161047,0.001183614,0.0002284851,0.001205466,0,1,center
-0.0478,0.0296,0,176161056,0.001412552,0.0003057141,0.001445256,0,1,center
-0.0475,0.0303,0,176161064,0.0003434122,0.0006105099,0.0007004671,0,1,center
-0.0478,0.0296,0,176161072,0.0003434122,0.0006105099,0.0007004671,0,1,center
-0.0483,0.0319,0,176161081,0.0005349331,0.002213584,0.002277303,0,1,center
-0.0480,0.0321,0,176161089,0.0003815778,0.0002671033,0.0004657744,0,1,center
-0.0487,0.0321,0,176161097,0.0007631555,7.631257E-05,0.0007669615,0,1,center
-0.0481,0.0309,0,176161106,0.0006486773,0.00118288,0.001349069,0,1,center
-0.0495,0.0310,0,176161114,0.001373667,0.0001526307,0.001382121,0,1,center
-0.0541,0.0340,0,176161122,0.004620351,0.002940198,0.005476533,0,1,center
-0.0569,0.0321,0,176161131,0.002862856,0.001869347,0.003419123,0,1,center
-0.0621,0.0349,0,176161139,0.005155429,0.002826001,0.005879178,0,1,center
-0.0659,0.0321,0,176161147,0.003856461,0.00286122,0.004801966,0,1,center
-0.0652,0.0321,0,176161156,0.0007261187,3.766641E-05,0.000727095,0,1,center
-0.0662,0.0324,0,176161164,0.0009932667,0.0003058016,0.001039275,0,1,center
-0.0604,0.0328,0,176161172,0.005766436,0.0004178025,0.005781552,0,1,center
-0.0560,0.0282,0,176161181,0.004468326,0.004657427,0.006454267,0,1,center
-0.0524,0.0311,0,176161189,0.003625922,0.002937783,0.004666677,0,1,center
-0.0494,0.0307,0,176161197,0.00293972,0.0003825221,0.002964502,0,1,center
-0.0495,0.0324,0,176161206,0.0001152307,0.001717582,0.001721443,0,1,center
-0.0525,0.0341,0,176161214,0.003016084,0.00167999,0.00345241,0,1,center
-0.0535,0.0327,0,176161222,0.0009539798,0.001450051,0.00173572,0,1,center
-0.0543,0.0343,0,176161231,0.0007640198,0.001641367,0.001810472,0,1,center
-0.0571,0.0346,0,176161239,0.00286372,0.0002681799,0.00287625,0,1,center
-0.0573,0.0376,1,176161247,0.0001535155,0.002977125,0.002981081,0,1,Right,0.4069
-0.0574,0.0400,1,176161256,0.0001535341,0.002404794,0.00240969,0,1,Right,0.4073
-0.0579,0.0397,1,176161264,0.0004961044,0.0003053062,0.0005825216,0,1,Right,0.4078
-0.0587,0.0401,1,176161272,0.0007641353,0.000420399,0.0008721456,0,1,Right,0.4086
-0.0567,0.0392,1,176161281,0.00202436,0.0008789413,0.002206937,0,1,Right,0.4065
-0.0542,0.0393,1,176161289,0.002519485,7.57277E-05,0.002520622,0,1,Right,0.4040
-0.0533,0.0402,1,176161297,0.0008395463,0.0009158589,0.001242431,0,1,Right,0.4033
-0.0508,0.0395,1,176161306,0.002482008,0.0006499328,0.002565692,0,1,Right,0.4007
-0.0475,0.0395,1,176161314,0.003320623,7.693097E-05,0.003321514,0,1,Right,0.3974
-0.0451,0.0384,1,176161322,0.002443574,0.001069631,0.002667427,0,1,Right,0.3949
-0.0417,0.0354,1,176161331,0.003359806,0.002977941,0.004489591,0,1,Right,0.3912
-0.0414,0.0351,1,176161339,0.0003434047,0.000305254,0.0004594636,0,1,Right,0.3909
-0.0419,0.0364,1,176161347,0.0004966632,0.001259711,0.001354085,0,1,Right,0.3915
-0.0438,0.0361,1,176161356,0.001946002,0.0002671033,0.001964248,0,1,Right,0.3934
-0.0443,0.0346,1,176161364,0.0004960336,0.001488116,0.00156861,0,1,Right,0.3938
-0.0437,0.0354,1,176161372,0.0005723462,0.0007631406,0.0009539202,0,1,Right,0.3933
-0.0418,0.0358,1,176161381,0.001946636,0.0004573353,0.001999636,0,1,Right,0.3914
-0.0397,0.0351,1,176161389,0.002061054,0.0007636584,0.00219798,0,1,Right,0.3892
-0.0724,0.0481,1,176161397,0.03268892,0.01299128,0.03517583,1,0,Right,0.4231
0.0114,0.0366,1,176161406,0.08377819,0.01143081,0.08455441,1,0,Right,0.3386
0.1151,0.0629,1,176161414,0.1037657,0.02628985,0.1070443,1,0,Right,0.2411
0.2311,0.0464,1,176161422,0.1159521,0.01651411,0.1171222,1,0,Right,0.1257
0.3232,0.0430,1,176161431,0.09214146,0.003391389,0.09220386,1,0,Right,0.0496,True
0.3333,0.0638,1,176161439,0.01011771,0.02074122,0.0230774,1,0,Right,0.0654
0.3327,0.0537,1,176161447,0.000656873,0.01005435,0.01007579,0,1,Right,0.0558
0.3342,0.0440,1,176161456,0.001501232,0.00973855,0.00985358,0,1,Right,0.0461,True
0.3416,0.0454,1,176161464,0.007373333,0.001480892,0.007520577,0,1,Right,0.0459,True
0.3544,0.0528,1,176161472,0.01286495,0.007357135,0.01482006,0,1,Right,0.0532
0.3675,0.0542,1,176161481,0.01310486,0.001427472,0.01318237,0,1,Right,0.0577
0.3678,0.0565,1,176161489,0.0002484322,0.002239443,0.002253181,0,1,Right,0.0599
0.3677,0.0537,1,176161497,4.985929E-05,0.002778556,0.002779003,0,1,Right,0.0572
0.3400,0.0440,1,176161506,0.02770165,0.009674337,0.02934236,1,0,Right,0.0447,True
0.3369,0.0449,1,176161514,0.003132254,0.0008786581,0.003253161,0,1,Right,0.0462,True
0.3302,0.0438,1,176161522,0.006743759,0.001132615,0.006838209,0,1,Right,0.0472,True
0.3276,0.0430,1,176161531,0.002585262,0.0007756203,0.002699105,0,1,Right,0.0476,True
0.3262,0.0425,1,176161539,0.001366854,0.0005028509,0.001456416,0,1,Right,0.0477,True
0.3266,0.0432,1,176161547,0.0003897846,0.0006932579,0.0007953229,0,1,Right,0.0482,True
0.3244,0.0439,1,176161556,0.002151161,0.0007647835,0.002283066,0,1,Right,0.0498,True
0.3223,0.0435,1,176161564,0.002112269,0.0003894009,0.002147863,0,1,Right,0.0505
0.3247,0.0449,1,176161572,0.002391547,0.001352623,0.00274756,0,1,Right,0.0505
0.3229,0.0437,1,176161581,0.00180459,0.001235873,0.002187219,0,1,Right,0.0503
0.3254,0.0414,1,176161589,0.002458632,0.002226792,0.003317149,0,1,Right,0.0472,True
0.3292,0.0412,1,176161597,0.003836304,0.000261087,0.003845178,0,1,Right,0.0452,True
0.3323,0.0406,1,176161606,0.003052711,0.0005709864,0.003105652,0,1,Right,0.0435,True
0.3359,0.0417,1,176161614,0.003685117,0.001086008,0.003841809,0,1,Right,0.0434,True
0.3385,0.0454,1,176161622,0.002521008,0.003664751,0.004448132,0,1,Right,0.0463,True
0.3392,0.0448,1,176161631,0.0007035136,0.0005761646,0.0009093388,0,1,Right,0.0456,True
0.3345,0.0436,1,176161639,0.004630983,0.001166496,0.004775638,0,1,Right,0.0456,True
0.3326,0.0421,1,176161647,0.001921982,0.001505788,0.0024416,0,1,Right,0.0448,True
0.3289,0.0438,1,176161656,0.003717184,0.001685426,0.004081436,0,1,Right,0.0477,True
0.3260,0.0424,1,176161664,0.002859384,0.00143034,0.003197178,0,1,Right,0.0477,True
0.3287,0.0415,1,176161672,0.002623409,0.0008407161,0.002754828,0,1,Right,0.0458,True
0.3290,0.0417,1,176161681,0.0003513694,0.0001545623,0.0003838619,0,1,Right,0.0458,True
0.3254,0.0426,1,176161689,0.003600389,0.0008772425,0.003705719,0,1,Right,0.0481,True
0.3215,0.0422,1,176161697,0.003873318,0.0003162548,0.003886208,0,1,Right,0.0498,True
0.3191,0.0431,1,176161706,0.002419323,0.0008800998,0.002574432,0,1,Right,0.0519
0.3165,0.0436,1,176161714,0.002659291,0.0004939698,0.00270478,0,1,Right,0.0538
0.3124,0.0440,1,176161722,0.004023612,0.0004142337,0.004044878,0,1,Right,0.0565
0.3119,0.0446,1,176161731,0.0005046129,0.0006144978,0.0007951363,0,1,Right,0.0573
0.3105,0.0467,1,176161739,0.001480252,0.002073389,0.002547564,0,1,Right,0.0599
0.3110,0.0604,1,176161747,0.0005476773,0.0137348,0.01374571,0,1,Right,0.0708
0.3119,0.0586,1,176161756,0.0009276867,0.001806382,0.002030669,0,1,Right,0.0688
0.3124,0.0578,1,176161764,0.0005095005,0.0008441955,0.0009860308,0,1,Right,0.0678
0.3139,0.0438,1,176161772,0.001485229,0.01396098,0.01403976,0,1,Right,0.0555
0.3153,0.0420,1,176161781,0.00132677,0.001843143,0.002271012,0,1,Right,0.0532
0.3148,0.0420,1,176161789,0.0004326403,3.71635E-05,0.0004342335,0,1,Right,0.0535
0.3144,0.0428,1,176161797,0.0003894269,0.0007684156,0.0008614615,0,1,Right,0.0544
0.3128,0.0430,1,176161806,0.001600623,0.0001889579,0.001611738,0,1,Right,0.0555
0.3123,0.0438,1,176161814,0.0005046129,0.0008452311,0.0009844033,0,1,Right,0.0565
0.3114,0.0437,1,176161822,0.0009756386,0.0001558065,0.0009880012,0,1,Right,0.0570
0.3056,0.0712,1,176161831,0.005738169,0.02752653,0.02811826,1,0,Right,0.0828
0.3434,0.0507,1,176161839,0.03776947,0.02048165,0.04296546,1,0,Right,0.0509
0.3469,0.0545,1,176161847,0.003507853,0.003786862,0.005161914,0,1,Right,0.0545
0.3415,0.0612,1,176161856,0.0054335,0.006727215,0.008647447,0,1,Right,0.0616
0.3385,0.0595,1,176161864,0.002912521,0.001782607,0.003414743,0,1,Right,0.0602
0.3488,0.0539,1,176161872,0.01026583,0.005517457,0.01165459,0,1,Right,0.0539
0.3562,0.0634,1,176161881,0.007379919,0.009470042,0.01200604,0,1,Right,0.0639
0.3546,0.0629,1,176161889,0.001574576,0.0005069152,0.001654162,0,1,Right,0.0633
0.3528,0.0624,1,176161897,0.001767009,0.0005067773,0.001838245,0,1,Right,0.0626
0.3548,0.0579,1,176161906,0.001948804,0.004505329,0.00490875,0,1,Right,0.0583
0.3488,0.0628,1,176161914,0.00599876,0.004876185,0.007730609,0,1,Right,0.0628
0.3524,0.0589,1,176161922,0.003604323,0.003842879,0.005268668,0,1,Right,0.0591
0.2932,0.0521,1,176161931,0.05920291,0.006826341,0.05959516,1,0,Right,0.0756
0.3047,0.0535,1,176161939,0.01154009,0.001412619,0.01162622,0,1,Right,0.0688
0.3579,0.0599,1,176161947,0.05320665,0.006357029,0.05358507,1,0,Right,0.0607
0.3591,0.0569,1,176161956,0.00117293,0.003004041,0.003224907,0,1,Right,0.0579
0.3568,0.0604,1,176161964,0.002351373,0.003539972,0.004249748,0,1,Right,0.0610
0.3579,0.0558,1,176161972,0.001128793,0.004623625,0.004759421,0,1,Right,0.0567
0.3581,0.0530,1,176161981,0.0001872778,0.002737578,0.002743976,0,1,Right,0.0540
0.3580,0.0532,1,176161989,7.709861E-05,0.0001156256,0.0001389729,0,1,Right,0.0541
0.3578,0.0549,1,176161997,0.000231266,0.001773082,0.0017881,0,1,Right,0.0558
0.3514,0.0530,1,176162006,0.006335795,0.001908321,0.006616947,0,1,Right,0.0531
0.3135,0.0495,1,176162014,0.03793094,0.003490698,0.03809122,1,0,Right,0.0603
0.2916,0.0494,1,176162022,0.0219157,0.000167001,0.02191634,1,0,Right,0.0749
0.2918,0.0512,1,176162031,0.0002010465,0.001883809,0.001894506,0,1,Right,0.0760
0.2909,0.0506,1,176162039,0.0008585155,0.000655368,0.001080072,0,1,Right,0.0762
0.2849,0.0520,1,176162047,0.005989999,0.001369294,0.006144514,0,1,Right,0.0817
0.2806,0.0521,1,176162056,0.0043571,0.0001431853,0.004359452,0,1,Right,0.0851
0.2788,0.0500,1,176162064,0.00183022,0.002116319,0.002797948,0,1,Right,0.0853
0.2792,0.0504,1,176162072,0.0004265606,0.0003846921,0.0005744058,0,1,Right,0.0852
0.2828,0.0516,1,176162081,0.003622532,0.001276452,0.003840842,0,1,Right,0.0831
0.2866,0.0521,1,176162089,0.003811538,0.0004311912,0.003835851,0,1,Right,0.0804
0.2881,0.0560,1,176162097,0.001451999,0.003961775,0.004219475,0,1,Right,0.0820
0.2905,0.0574,1,176162106,0.002417117,0.001312975,0.002750702,0,1,Right,0.0812
0.2876,0.0587,1,176162114,0.002916425,0.00137569,0.003224602,0,1,Right,0.0842
0.2853,0.0575,1,176162122,0.002301216,0.001197767,0.002594271,0,1,Right,0.0851
0.2824,0.0581,1,176162131,0.002838284,0.0005305298,0.002887441,0,1,Right,0.0875
0.2807,0.0604,1,176162139,0.001702547,0.002378035,0.002924674,0,1,Right,0.0904
0.2805,0.0595,1,176162147,0.0002390146,0.0009233952,0.0009538273,0,1,Right,0.0899
0.2797,0.0593,1,176162156,0.0008149147,0.0002321973,0.0008473498,0,1,Right,0.0904
0.2810,0.0583,1,176162164,0.001318395,0.0009956136,0.001652093,0,1,Right,0.0888
0.2817,0.0603,1,176162172,0.0007041693,0.002037857,0.002156088,0,1,Right,0.0896
0.2822,0.0605,1,176162180,0.0004694164,0.0001938604,0.0005078716,0,1,Right,0.0894
0.2824,0.0630,1,176162189,0.000277549,0.00245956,0.00247517,0,1,Right,0.0909
0.2823,0.0634,1,176162197,0.0001536608,0.0003840178,0.0004136198,0,1,Right,0.0912
0.2824,0.0626,1,176162205,7.680058E-05,0.0008064359,0.0008100847,0,1,Right,0.0906
0.2822,0.0629,1,176162214,0.0001963377,0.0003062636,0.0003637937,0,1,Right,0.0910
0.2818,0.0633,1,176162222,0.0003456175,0.0004224107,0.0005457859,0,1,Right,0.0915
0.2779,0.0750,1,176162230,0.003891319,0.01170895,0.01233863,0,1,Right,0.1026
0.2732,0.0588,1,176162239,0.00471285,0.0161888,0.01686084,0,1,Right,0.0951
0.2536,0.0263,1,176162247,0.01964518,0.03253891,0.03800939,1,0,Right,0.0979
0.1709,0.0446,0,176162255,0.08267115,0.01836266,0.08468593,1,0,center
0.0641,0.0481,0,176162264,0.1067863,0.003499098,0.1068436,1,0,center
0.0308,0.0282,0,176162272,0.03336901,0.01993338,0.03886941,1,0,center
-0.0332,-0.0028,0,176162280,0.06398025,0.03101807,0.07110269,1,0,center
-0.0700,0.0014,0,176162289,0.03676026,0.00419698,0.03699907,1,0,center
-0.1236,0.0131,0,176162297,0.05356885,0.01168857,0.05482924,1,0,center
-0.1524,0.0026,0,176162305,0.0288557,0.0105018,0.03070731,1,0,center
-0.1621,0.0249,0,176162314,0.009716287,0.02236485,0.02438427,1,0,center
-0.1693,-0.0145,0,176162322,0.007136524,0.03945478,0.04009501,1,0,center
-0.1942,0.0321,0,176162330,0.02489251,0.04667236,0.05289561,1,0,center
-0.2041,0.0349,0,176162339,0.009899825,0.002766337,0.01027906,0,1,center
-0.1977,0.0315,0,176162347,0.006358206,0.00341348,0.007216553,0,1,center
-0.1930,0.0312,0,176162355,0.00469847,0.0002726614,0.004706375,0,1,center
-0.1871,0.0327,0,176162364,0.005924076,0.001525033,0.006117222,0,1,center
-0.1878,0.0358,0,176162372,0.0007708967,0.00302342,0.003120152,0,1,center
-0.1280,0.0517,0,176162380,0.0598615,0.01588186,0.06193248,1,0,center
-0.0976,0.0673,0,176162389,0.03037377,0.01563742,0.03416276,1,0,center
-0.1083,0.0573,0,176162397,0.0107015,0.01003961,0.01467365,0,1,center
-0.1474,0.0469,0,176162405,0.03910092,0.01039306,0.04045859,1,0,center
-0.1764,0.0394,0,176162414,0.02901605,0.007502351,0.02997026,1,0,center
-0.1815,0.0421,0,176162422,0.005117357,0.002760854,0.005814607,0,1,center
-0.1831,0.0405,0,176162430,0.001574025,0.00164365,0.002275772,0,1,center
-0.1822,0.0389,0,176162439,0.0009619445,0.001569618,0.001840934,0,1,center
-0.1810,0.0398,0,176162447,0.001153141,0.0009168573,0.001473215,0,1,center
-0.1820,0.0406,0,176162455,0.001000121,0.000804536,0.001283558,0,1,center
-0.1798,0.0356,0,176162464,0.002235204,0.004976187,0.005455142,0,1,center
-0.1675,0.0372,0,176162472,0.01225802,0.001593947,0.01236122,0,1,center
-0.1481,0.0376,0,176162480,0.0194563,0.0003645308,0.01945971,0,1,center
-0.1486,0.0345,0,176162489,0.0005710125,0.003134456,0.003186042,0,1,center
-0.1474,0.0354,0,176162497,0.001186982,0.0009167008,0.001499755,0,1,center
-0.1482,0.0349,0,176162505,0.0007283837,0.0004963018,0.0008813956,0,1,center
-0.1458,0.0328,0,176162514,0.002380654,0.002066281,0.003152305,0,1,center
-0.1401,0.0306,0,176162522,0.005675137,0.002258902,0.006108176,0,1,center
-0.1382,0.0301,0,176162530,0.001916826,0.0004981048,0.001980487,0,1,center
-0.1381,0.0277,0,176162539,7.855892E-05,0.002331136,0.002332459,0,1,center
-0.1364,0.0260,0,176162547,0.001725569,0.001720535,0.002436766,0,1,center
-0.0244,0.0711,0,176162555,0.1120078,0.04508218,0.1207401,1,0,center
0.0225,0.0216,0,176162564,0.04689587,0.04954535,0.06821997,1,0,center
0.0516,0.0707,0,176162572,0.02909825,0.04913741,0.05710686,1,0,center
0.0468,0.0525,0,176162580,0.004782088,0.01821952,0.01883665,0,1,center
0.0423,0.0646,0,176162589,0.004499279,0.0121033,0.01291253,0,1,center
0.0329,0.0478,0,176162597,0.00947205,0.01676492,0.01925571,0,1,center
0.0021,0.0293,0,176162605,0.03075534,0.01847403,0.03587731,1,0,center
-0.0528,0.0260,0,176162614,0.05494716,0.003313476,0.05504697,1,0,center
-0.0802,0.0292,0,176162622,0.02738382,0.003214197,0.0275718,1,0,center
-0.0572,0.0326,0,176162630,0.02299215,0.003389131,0.02324059,1,0,center
-0.0441,0.0353,0,176162639,0.01309305,0.002629846,0.01335455,0,1,center
-0.0455,0.0323,0,176162647,0.001373645,0.002938088,0.003243341,0,1,center
-0.0481,0.0352,0,176162655,0.00259614,0.002901006,0.003893043,0,1,center
-0.0481,0.0355,0,176162664,3.72529E-09,0.0002671033,0.0002671033,0,1,center
-0.0479,0.0356,0,176162672,0.0002671108,0.0001526251,0.0003076404,0,1,center
-0.0499,0.0357,0,176162680,0.002023146,7.686764E-05,0.002024605,0,1,center
-0.0508,0.0356,0,176162689,0.000878416,0.0001520962,0.0008914864,0,1,center
-0.0517,0.0353,0,176162697,0.0009158291,0.0003052689,0.0009653663,0,1,center
-0.0526,0.0374,0,176162705,0.0009166189,0.002137486,0.002325733,0,1,center
-0.0527,0.0401,0,176162714,0.0001152754,0.002671797,0.002674283,0,1,center
-0.0538,0.0397,0,176162722,0.001145642,0.0003810003,0.001207335,0,1,center
-0.0533,0.0394,0,176162730,0.0005724132,0.0002671294,0.0006316763,0,1,center
-0.0511,0.0400,0,176162739,0.002214126,0.0005717985,0.002286768,0,1,center
-0.0503,0.0409,0,176162747,0.0007250383,0.0008777007,0.001138437,0,1,center
-0.0491,0.0412,0,176162755,0.001260038,0.0003046505,0.001296344,0,1,center
-0.0497,0.0395,0,176162764,0.0006105453,0.001717191,0.001822501,0,1,center
-0.0495,0.0412,0,176162772,0.0001526289,0.001717191,0.001723961,0,1,center
-0.0499,0.0401,0,176162780,0.0003434345,0.001030315,0.001086046,0,1,center
-0.0492,0.0379,0,176162789,0.0006494671,0.002213847,0.002307147,0,1,center
-0.0462,0.0398,0,176162797,0.00301528,0.001869194,0.003547647,0,1,center
-0.0455,0.0442,0,176162805,0.0007236339,0.004427746,0.004486489,0,1,center
-0.0437,0.0442,0,176162814,0.001794171,3.88287E-05,0.001794591,0,1,center
-0.0418,0.0454,0,176162822,0.001908593,0.001182236,0.002245085,0,1,center
-0.0432,0.0453,0,176162830,0.001374364,0.0001137853,0.001379066,0,1,center
-0.0438,0.0443,0,176162839,0.0006868616,0.0009158254,0.001144777,0,1,center
-0.0432,0.0446,0,176162847,0.000610549,0.0003052801,0.000682617,0,1,center
-0.0443,0.0452,0,176162855,0.001030304,0.0005342327,0.001160573,0,1,center
-0.0448,0.0346,0,176162864,0.0005314946,0.01061037,0.01062367,0,1,center
-0.0480,0.0461,0,176162872,0.003248464,0.0115283,0.01197724,0,1,center
-0.0524,0.0547,0,176162880,0.004355948,0.008630231,0.009667221,0,1,center
-0.0544,0.0531,0,176162889,0.002022743,0.001602937,0.002580871,0,1,center
-0.0534,0.0372,0,176162897,0.001036968,0.01595752,0.01599118,0,1,center
-0.0516,0.0363,0,176162905,0.001756955,0.000878796,0.001964478,0,1,center
-0.0521,0.0506,0,176162914,0.0004634783,0.01435328,0.01436076,0,1,center
-0.0527,0.0457,0,176162922,0.0006089918,0.004962631,0.004999857,0,1,center
-0.0519,0.0395,0,176162930,0.0008419342,0.006222222,0.006278925,0,1,center
-0.0514,0.0387,0,176162939,0.0004587099,0.0007638037,0.0008909607,0,1,center
-0.0480,0.0435,0,176162947,0.003357328,0.004846957,0.005896155,0,1,center
-0.0460,0.0377,0,176162955,0.002063461,0.00580268,0.006158649,0,1,center
-0.0454,0.0355,0,176162964,0.000534907,0.002251867,0.002314526,0,1,center
-0.0453,0.0382,0,176162972,0.0001901016,0.002747919,0.002754487,0,1,center
-0.0461,0.0409,0,176162980,0.0008020252,0.002671689,0.002789474,0,1,center
-0.0448,0.0469,0,176162989,0.001257185,0.005993053,0.006123496,0,1,center
-0.0427,0.0450,0,176162997,0.002061963,0.001947552,0.002836309,0,1,center
-0.0417,0.0418,0,176163005,0.000993412,0.003130335,0.003284184,0,1,center
-0.0392,0.0473,0,176163014,0.002594151,0.005457327,0.006042519,0,1,center
-0.0382,0.0477,0,176163022,0.0009921268,0.0004578978,0.001092697,0,1,center
-0.0409,0.0495,0,176163030,0.002748668,0.001756817,0.003262144,0,1,center
-0.0401,0.0495,0,176163039,0.0008013546,3.816187E-05,0.0008022628,0,1,center
-0.0419,0.0512,0,176163047,0.001794148,0.001717966,0.002484024,0,1,center
-0.0411,0.0522,0,176163055,0.0007625744,0.0010693,0.001313363,0,1,center
-0.0419,0.0518,0,176163064,0.0007632151,0.0004197769,0.0008710396,0,1,center
-0.0434,0.0510,0,176163072,0.001526438,0.000801377,0.001724012,0,1,center
-0.0421,0.0513,0,176163080,0.001335636,0.0002289563,0.001355118,0,1,center
-0.0407,0.0506,0,176163089,0.001374409,0.0006876625,0.00153684,0,1,center
-0.0381,0.0485,0,176163097,0.002596654,0.002062887,0.003316341,0,1,center
-0.0388,0.0485,0,176163105,0.000649292,3.890321E-05,0.0006504565,0,1,center
-0.0385,0.0480,0,176163114,0.0002677031,0.0005349517,0.0005981958,0,1,center
-0.0394,0.0474,0,176163122,0.0009158067,0.0006105527,0.001100671,0,1,center
-0.0369,0.0490,0,176163130,0.002518471,0.001564518,0.002964863,0,1,center
-0.0357,0.0494,0,176163139,0.001182918,0.0004579015,0.001268451,0,1,center
-0.0354,0.0486,0,176163147,0.0003058054,0.0008020811,0.0008584002,0,1,center
-0.0354,0.0482,0,176163155,3.816187E-05,0.0004578978,0.0004594853,0,1,center
-0.0348,0.0474,0,176163164,0.0005342066,0.0008013099,0.0009630547,0,1,center
-0.0349,0.0472,0,176163172,7.631257E-05,0.0001144782,0.0001375822,0,1,center
-0.0369,0.0480,0,176163180,0.001984783,0.0007639006,0.002126712,0,1,center
-0.0379,0.0478,0,176163189,0.001030277,0.0001908019,0.001047796,0,1,center
-0.0378,0.0479,0,176163197,0.0001526289,0.0001144744,0.0001907878,0,1,center
-0.0367,0.0470,0,176163205,0.001069006,0.0009546839,0.001433246,0,1,center
-0.0372,0.0479,0,176163214,0.000534784,0.0009546839,0.001094265,0,1,center
-0.0367,0.0511,0,176163222,0.0005718246,0.003167946,0.00321914,0,1,center
-0.0359,0.0536,0,176163230,0.0007626303,0.002481166,0.002595725,0,1,center
-0.0344,0.0504,0,176163239,0.001527444,0.003168803,0.003517726,0,1,center
-0.0345,0.0511,0,176163247,7.63163E-05,0.000725016,0.0007290215,0,1,center
-0.0342,0.0531,0,176163255,0.0003047474,0.001946889,0.001970596,0,1,center
-0.0343,0.0491,-1,176163264,0.0001134314,0.003931887,0.003933523,0,1,Left,0.3175
-0.0352,0.0516,-1,176163272,0.0009168684,0.002405532,0.002574341,0,1,Left,0.3170
-0.0342,0.0522,-1,176163280,0.0009539761,0.0006105527,0.001132627,0,1,Left,0.3180
-0.1209,0.0734,-1,176163289,0.08666191,0.02119608,0.08921637,1,0,Left,0.2386
-0.1639,0.0558,-1,176163297,0.04296161,0.01760788,0.04642992,1,0,Left,0.1923
-0.1772,0.0658,-1,176163305,0.01335008,0.01008696,0.01673235,0,1,Left,0.1830
-0.1978,0.0896,-1,176163314,0.02056912,0.02372318,0.03139869,1,0,Left,0.1748
-0.2103,0.0574,-1,176163322,0.01248917,0.03220074,0.03453791,1,0,Left,0.1491
-0.2161,0.0649,-1,176163330,0.005880013,0.007523097,0.009548379,0,1,Left,0.1469
-0.1966,0.0720,-1,176163339,0.01956908,0.007083446,0.02081164,1,0,Left,0.1676
-0.2076,0.0686,-1,176163347,0.01101501,0.003346637,0.01151219,0,1,Left,0.1562
-0.2115,0.0666,-1,176163355,0.003890291,0.001984082,0.004367029,0,1,Left,0.1519
-0.2964,0.0617,-1,176163364,0.08494179,0.004963227,0.08508667,1,0,Left,0.0804
-0.3218,0.0592,-1,176163372,0.02536771,0.002464212,0.02548711,1,0,Left,0.0647
-0.3222,0.0510,-1,176163380,0.0003648996,0.008236315,0.008244394,0,1,Left,0.0571
-0.3223,0.0582,-1,176163389,0.0001402199,0.00723692,0.007238279,0,1,Left,0.0636
-0.3191,0.0524,-1,176163397,0.003146648,0.005820777,0.006616861,0,1,Left,0.0598
-0.3140,0.0582,-1,176163405,0.00510177,0.005796596,0.007721955,0,1,Left,0.0673
-0.2775,0.0580,-1,176163414,0.03654689,0.0001759715,0.03654731,1,0,Left,0.0912
-0.2814,0.0599,-1,176163422,0.00389111,0.00193065,0.004343749,0,1,Left,0.0896
-0.2814,0.0602,-1,176163430,4.273653E-05,0.0003081188,0.0003110685,0,1,Left,0.0897
-0.2807,0.0599,-1,176163439,0.0007425845,0.0003867596,0.0008372662,0,1,Left,0.0900
-0.2817,0.0594,-1,176163447,0.001049727,0.0004580393,0.001145307,0,1,Left,0.0889
-0.2822,0.0598,-1,176163455,0.0005078614,0.000347428,0.0006153287,0,1,Left,0.0888
-0.2810,0.0597,-1,176163464,0.001246095,3.673136E-06,0.0012461,0,1,Left,0.0897
-0.2795,0.0563,-1,176163472,0.001523286,0.00342264,0.003746314,0,1,Left,0.0887
-0.2795,0.0568,-1,176163480,3.841519E-05,0.0004607365,0.0004623352,0,1,Left,0.0889
-0.2775,0.0567,-1,176163489,0.002022147,4.362687E-05,0.002022618,0,1,Left,0.0905
-0.2785,0.0589,-1,176163497,0.001053721,0.002115138,0.002363078,0,1,Left,0.0910
-0.2992,0.0793,-1,176163505,0.02065948,0.02047962,0.02909001,1,0,Left,0.0931
-0.3477,0.0323,-1,176163514,0.04845148,0.04702106,0.06751686,1,0,Left,0.0323,True
-0.3514,0.0359,-1,176163522,0.003778875,0.003551878,0.00518611,0,1,Left,0.0360,True
-0.3629,0.0358,-1,176163530,0.01144603,9.242073E-05,0.0114464,0,1,Left,0.0388,True
-0.3608,0.0399,-1,176163539,0.00211519,0.004082721,0.004598112,0,1,Left,0.0419,True
-0.3561,0.0379,-1,176163547,0.004647464,0.001976434,0.005050268,0,1,Left,0.0388,True
-0.3513,0.0356,-1,176163555,0.004837483,0.002283547,0.005349377,0,1,Left,0.0358,True
-0.3503,0.0346,-1,176163564,0.0009847879,0.001003817,0.00140622,0,1,Left,0.0347,True
-0.3523,0.0359,-1,176163572,0.00204128,0.001275152,0.002406831,0,1,Left,0.0361,True
-0.3536,0.0353,-1,176163580,0.001260161,0.000575196,0.001385228,0,1,Left,0.0357,True
-0.3379,0.0402,-1,176163589,0.0156936,0.004898507,0.01644034,0,1,Left,0.0414,True
-0.3344,0.0414,-1,176163597,0.003521532,0.001186457,0.003716028,0,1,Left,0.0435,True
-0.3326,0.0423,-1,176163605,0.001801372,0.0009199008,0.002022661,0,1,Left,0.0450,True
-0.3317,0.0431,-1,176163614,0.0008569658,0.0007684529,0.001151047,0,1,Left,0.0460,True
-0.3321,0.0412,-1,176163622,0.0003848076,0.001847405,0.001887057,0,1,Left,0.0442,True
-0.3324,0.0435,-1,176163630,0.0002796948,0.002310593,0.002327459,0,1,Left,0.0462,True
-0.3320,0.0455,-1,176163639,0.0003463626,0.00196293,0.001993254,0,1,Left,0.0482,True
-0.3322,0.0474,-1,176163647,0.000159055,0.001925167,0.001931726,0,1,Left,0.0500,True
-0.3289,0.0491,-1,176163655,0.003283739,0.001647498,0.003673853,0,1,Left,0.0526
-0.3280,0.0544,-1,176163664,0.000885129,0.005310714,0.005383971,0,1,Left,0.0579
-0.3273,0.0585,-1,176163672,0.0007312,0.00411772,0.004182137,0,1,Left,0.0620
-0.3259,0.0551,-1,176163680,0.001381993,0.003430951,0.003698829,0,1,Left,0.0593
-0.3244,0.0607,-1,176163689,0.001549184,0.005654585,0.00586296,0,1,Left,0.0651
-0.3241,0.0599,-1,176163697,0.0003128052,0.0008474365,0.0009033248,0,1,Left,0.0645
-0.3198,0.0624,-1,176163705,0.004258037,0.002565496,0.004971182,0,1,Left,0.0685
-0.3200,0.0629,-1,176163714,0.0001972318,0.0004241355,0.0004677513,0,1,Left,0.0688
-0.3203,0.0684,-1,176163722,0.0003324151,0.005545005,0.00555496,0,1,Left,0.0738
-0.3208,0.0691,-1,176163730,0.0004331172,0.0007331297,0.0008515102,0,1,Left,0.0743
-0.3218,0.0722,-1,176163738,0.001025051,0.003045045,0.003212947,0,1,Left,0.0768
-0.3203,0.0708,-1,176163747,0.001486778,0.001352161,0.002009689,0,1,Left,0.0760
-0.3214,0.0718,-1,176163755,0.001058608,0.001004755,0.001459515,0,1,Left,0.0766
-0.3206,0.0712,-1,176163763,0.0007458329,0.000657402,0.0009942052,0,1,Left,0.0762
-0.3204,0.0697,-1,176163772,0.0001637638,0.00150267,0.001511568,0,1,Left,0.0749
-0.3207,0.0699,-1,176163780,0.0002357662,0.0002319217,0.0003307164,0,1,Left,0.0750
-0.3177,0.0706,-1,176163788,0.003006518,0.0006443039,0.003074781,0,1,Left,0.0768
-0.3152,0.0701,-1,176163797,0.002505749,0.0004328936,0.002542868,0,1,Left,0.0774
-0.3140,0.0682,-1,176163805,0.001178056,0.001966894,0.002292703,0,1,Left,0.0761
-0.3133,0.0695,-1,176163813,0.0006586313,0.001345068,0.001497666,0,1,Left,0.0776
-0.3106,0.0706,-1,176163822,0.002691954,0.001145124,0.002925394,0,1,Left,0.0799
-0.3102,0.0682,-1,176163830,0.0004374087,0.002425857,0.002464976,0,1,Left,0.0780
-0.3101,0.0693,-1,176163838,0.0001537502,0.001115158,0.001125707,0,1,Left,0.0790
-0.3099,0.0675,-1,176163847,0.0002018511,0.001847863,0.001858855,0,1,Left,0.0775
-0.3073,0.0652,-1,176163855,0.002503514,0.002239279,0.003358862,0,1,Left,0.0768
-0.3072,0.0652,-1,176163863,0.0001153052,7.450581E-09,0.0001153052,0,1,Left,0.0769
-0.3100,0.0661,-1,176163872,0.002734154,0.0008934364,0.002876427,0,1,Left,0.0763
-0.3108,0.0639,-1,176163880,0.0008122623,0.002190813,0.002336543,0,1,Left,0.0740
-0.3115,0.0669,-1,176163888,0.0007114112,0.002926566,0.003011792,0,1,Left,0.0762
-0.3125,0.0686,-1,176163897,0.001023889,0.001735784,0.002015265,0,1,Left,0.0772
-0.3141,0.0680,-1,176163905,0.001557589,0.0005727112,0.001659542,0,1,Left,0.0760
-0.3145,0.0690,-1,176163913,0.0003943443,0.0009251982,0.001005733,0,1,Left,0.0767
-0.3149,0.0695,-1,176163922,0.0003943145,0.0005021468,0.0006384632,0,1,Left,0.0769
-0.3133,0.0705,-1,176163930,0.001519382,0.00103417,0.001837942,0,1,Left,0.0785
-0.3133,0.0711,-1,176163938,7.691979E-05,0.0005769059,0.0005820112,0,1,Left,0.0791
-0.3139,0.0723,-1,176163947,0.0006683171,0.001272559,0.001437378,0,1,Left,0.0799
-0.3140,0.0735,-1,176163955,4.327297E-05,0.001116559,0.001117397,0,1,Left,0.0809
-0.3161,0.0725,-1,176163963,0.002144694,0.0009549037,0.00234767,0,1,Left,0.0792
-0.3166,0.0714,-1,176163972,0.0004664361,0.001114443,0.001208117,0,1,Left,0.0780
-0.3172,0.0717,-1,176163980,0.0005868077,0.0003099442,0.0006636329,0,1,Left,0.0780
-0.3168,0.0717,-1,176163988,0.0003895462,1.095235E-06,0.0003895477,0,1,Left,0.0782
-0.3173,0.0714,-1,176163997,0.0005434155,0.0002681762,0.0006059859,0,1,Left,0.0777
-0.3177,0.0712,-1,176164005,0.0003511012,0.0002297163,0.0004195731,0,1,Left,0.0774
-0.3177,0.0713,-1,176164013,5.960464E-08,7.694215E-05,7.694217E-05,0,1,Left,0.0774
-0.3172,0.0718,-1,176164022,0.0004665554,0.0005374625,0.0007117161,0,1,Left,0.0781
-0.3170,0.0726,-1,176164030,0.0001923442,0.0008078367,0.0008304194,0,1,Left,0.0789
-0.3178,0.0723,-1,176164038,0.0007406771,0.0003439784,0.000816654,0,1,Left,0.0783
-0.3180,0.0717,-1,176164047,0.000235796,0.0006144196,0.0006581118,0,1,Left,0.0777
-0.3192,0.0726,-1,176164055,0.001173645,0.0009662211,0.001520206,0,1,Left,0.0781
-0.3186,0.0737,-1,176164063,0.0005819499,0.001076102,0.001223381,0,1,Left,0.0793
-0.3215,0.0792,-1,176164072,0.002916247,0.005441643,0.006173814,0,1,Left,0.0835
-0.3429,0.0799,-1,176164080,0.02139559,0.000705421,0.02140722,1,0,Left,0.0800
-0.3460,0.0580,-1,176164088,0.003137618,0.02184657,0.02207073,1,0,Left,0.0580
-0.3286,0.0726,-1,176164097,0.0173952,0.01458222,0.02269877,1,0,Left,0.0751
-0.3545,0.0904,-1,176164105,0.02589527,0.0177739,0.03140822,1,0,Left,0.0906
-0.3540,0.0828,-1,176164113,0.0005834401,0.00756669,0.007589151,0,1,Left,0.0830
-0.3485,0.0551,-1,176164122,0.005413711,0.02767259,0.02819717,1,0,Left,0.0551
-0.3661,0.0824,-1,176164130,0.01753509,0.02722734,0.0323853,1,0,Left,0.0843
-0.3724,0.0585,-1,176164138,0.006360769,0.02383386,0.02466805,1,0,Left,0.0634
-0.3492,0.0667,-1,176164147,0.0231871,0.008174464,0.02458584,1,0,Left,0.0667
-0.3573,0.0553,-1,176164155,0.008053154,0.01134887,0.01391582,0,1,Left,0.0561
-0.3520,0.0877,-1,176164163,0.005330443,0.0323837,0.03281946,1,0,Left,0.0878
-0.3865,0.0681,-1,176164172,0.03447893,0.01961736,0.0396691,1,0,Left,0.0783
-0.3526,0.0977,-1,176164180,0.03384092,0.02954048,0.04492046,1,0,Left,0.0978
-0.3382,0.0670,-1,176164188,0.01442981,0.03065143,0.03387816,1,0,Left,0.0677
-0.3529,0.0655,-1,176164197,0.0146794,0.001488864,0.01475471,0,1,Left,0.0657
-0.3565,0.0647,-1,176164205,0.003611386,0.0007973462,0.00369836,0,1,Left,0.0653
-0.3531,0.0603,-1,176164213,0.003396541,0.004369624,0.005534447,0,1,Left,0.0606
-0.3495,0.0666,-1,176164222,0.003555387,0.006233729,0.007176361,0,1,Left,0.0666
-0.3447,0.0715,-1,176164230,0.004808456,0.004956231,0.006905466,0,1,Left,0.0716
-0.3440,0.0690,-1,176164238,0.0006760955,0.002508305,0.002597826,0,1,Left,0.0691
-0.3462,0.0716,-1,176164247,0.002166718,0.002552345,0.003348005,0,1,Left,0.0716
-0.3498,0.0575,-1,176164255,0.003643036,0.01405871,0.01452305,0,1,Left,0.0576
-0.3463,0.0616,-1,176164263,0.003520966,0.004036073,0.005356032,0,1,Left,0.0616
-0.3439,0.0675,0,176164272,0.002414972,0.005965874,0.006436127,0,1,center
-0.3292,0.0731,0,176164280,0.01475543,0.005572155,0.01577249,0,1,center
